קטגוריה,שם רשמי (עברית),תנועה מיישבת,"נ""צ",תיאור/מיקום חופשי,מספר גיליון,תאריך פרסום,עמוד,טור,ציון OCR,ציון OCR ממוצע,מילה עם הציון הנמוך
מועצות אזוריות,מ*א אַשדות שומֶרון,,,"מועצה המאגדת בתוכה את היישובים: סנור (שם זמני), שבי שומרון, קדומים, קרני שימרון, אלקנה, אריאל, תפוח (שם זמנ).",2633,1980-06-10,3,right,16.6,81.8,מ*א
מועצות אזוריות,"מ""א גולֶן",,,"מועצה המאגדת בתוכה את כל יישובי הגולן, לבד מן קצרין.",2633,1980-06-10,3,right,46.6,87.9,גולֶן
מועצות אזוריות,"מ""א גוש עַצִיון",,,"מועצה המאגדת בתוכה את היישובים: בי""ס שדה גילר, ראש צורים, אלעזר, אלון שבות, כפר עציון, מגדל עז, תקוע, אפרתה.",2633,1980-06-10,3,right,38.6,89.8,עַצִיון
מועצות אזוריות,מיא דרום הַשֶרון,,,"שם חדש לאיחודן של שלוש מועצות קיימות: *מפעלות אפק* ""היר* קון* ו""השרון התיכון"".",2633,1980-06-10,3,right,18.8,65.5,דרום
מועצות אזוריות,"מ""א הֶעַרְבַה . התיכונה",,,"מועצה בערבה המאגדת בתוכה את חיישובים: חצבה, עין יהב, ספיר, צופר, ופארן.",2633,1980-06-10,3,right,9.2,80.3,הֶעַרְבַה
מועצות אזוריות,"מ""א חוף עַזֶה",,,"מועצה המאגדת בתוכה את היישובים: נצר הוני, קטיף, וגני טל.",2633,1980-06-10,3,right,74.9,90.3,עַזֶה
מועצות אזוריות,"מ""א ??גלוֹת",,,"מועצר המאגרת בתוכה את היישובים: אלמוג, קליה, מצפה""שלם.",2633,1980-06-10,3,left,13.8,81.2,"מצפה""שלם."
מועצות אזוריות,"מ""א מטה אָשר",,,"שם חדש לאיחודן של שלוש מועצות: ""געתון"" ""נעמן""* ו""סולם צור*.",2633,1980-06-10,3,left,39,76.8,"מ""א"
מועצות אזוריות,"מ""א מְטה בנימין",,,"מועצה המאגדת בתוכה את היישובים: עפרה, בית אל, חלמיש, גבעון, בית חורון, מבוא חורון, מתתיהו, כפר רות ושילת.",2633,1980-06-10,3,left,0,87.6,מְטה
מועצות אזוריות,"מ""א מַעַלה יוסף",,,"ע""ש יוסף ויץ ז""ל. השם הקודם ""מעלה הגליל"" בטל. כולל את היישובים: אבן מנחם, אלקוש, גרן, חסן, יערה, זרעית (כפר רוזנוולד), מעונה, נטועה, עבדון, עין יעקב, פקיעין (חדשה), צורי- אל, שומרה, שתולה.",2633,1980-06-10,3,left,26.4,89.1,"הגליל"""
מועצות אזוריות,"מ""א עמק יורעאל",,,"שם חדש לאיחודן של שתי המועצות ""קישון"" ו""יזרעאל"".",2633,1980-06-10,3,left,11.9,83.2,יורעאל
מועצות אזוריות,"מ""א עַרבות הַירדן",,,"מועצה המאגדת בתוכה את היישובים, מחולה, רועי, בקעות, חמרה, ארגמן, מכורה, משואה, גתית, מעלה אפרים, פצאל, תומר, גלגל, נתיב הגדוד, נירן, ייטב, שלום ציון.",2633,1980-06-10,3,left,29.4,87.5,הַירדן
ישובים,אַבני אִיתָן,רמושבים הדתיים,2215.2480,"נ""צ 2215.2480, מושב של תנועת רמושבים הדתיים, הפועל המזרחי, בגולן (כינוי ארעי קודם: תל זית), מ""א גולן; השם ניתן לזכרם של ששה מחגרי הגרעין שנפלו במערכות ישראל.",2633,1980-06-10,3,right,22.5,87.2,אִיתָן
ישובים,אָבשָלום,,0748.0695,"נ""צ 0748.0695, מרכז גושי בחבל ימית (כינוי ארעי קורם: יד און); השם ניתן לזברו של אבשלום פיינברג ז""ל.",2633,1980-06-10,3,right,38.4,84,אָבשָלום
ישובים,אדם,העובד הציוני,2205.2891,"נ*צ 2205.2891, מושב שיתופי של תנועת העובד הציוני בגולן (כינוי ארעי קודם: הר אדם), מ""א גולן; ע""ש ההר הסמוך, לפנים תל""אלדאתמר.",2633,1980-06-10,3,right,13.5,87.2,"תל""אלדאתמר."
ישובים,אדר,,177.271,"נ""צ 177.271, מצפור בגליל (כינוי ארעי קודם: אדירים); על שם עץ מצוי באזור, המופיע בתלמוד, ביצה ט""ו, ב': *הרוצה שיתקיימו נכסיו יטע בהן אדר"".",2633,1980-06-10,3,right,81.8,90.7,*הרוצה
ישובים,אהד,המושבים,095.072,"נ""צ 095.072, מושב של תנועת המושבים בחבל הבשור, במ""א אשכול; שם מקראי, ב[ שלישי לשמעון בן יעקב (בראשית מ""ו, י').",2633,1980-06-10,3,right,0,81.2,י').
ישובים,אֶגדֶה (אוגדה),המושבים,0755.0665,"נ""צ 0755.0665, מושב של תנועת המושבים בחבל ימית; על שם אוגדת רפלדה שנלחמה באזור במלחמת ששת הימים.",2633,1980-06-10,3,left,19.9,86.3,אֶגדֶה
ישובים,אופירֶה,,080.698,"נ""צ 080.698, ישוב עירוני לאורך מפרץ אילת; השם סמלי, מציין את הדרך לאופירה.",2633,1980-06-10,3,left,0,83.3,"נ""צ"
ישובים,אורטל,הקיבוץ המאוחד,2213.2778,"נ""צ 2213.2778, קיבוץ של תנועת הקיבוץ המאוחד בגולן (כינוי ארעי קודם: דלווה), מ""א גולן; שם סמלי, על יסור ריבוי הטלליס שבאזור.",2633,1980-06-10,3,left,61.1,89.4,הטלליס
ישובים,ַחְוֶת ששָנָה,,199.202,"נ""צ 199.202, אחוזה פרטית בראש רמת כוכב.",2633,1980-06-10,3,left,2.2,68.3,ששָנָה
ישובים,אַלון שבות,,1817.1183,"נ""צ 1817.1183, מרכז גושי ביהודה במ""א גוש עציון; שם סמלי, הוקם ליד האלון העתיק, לציון חשיבה לגוש עציון.",2633,1980-06-10,3,left,38.3,83.3,אַלון
ישובים,אַלי-עֶל,המושבים,219.246,"נ""צ 219.246, מושב של תנועת המושבים בגולן במ""א גולן; על שם אלי כהן ז""ל, שהועלה לגרדום בסוריה.",2633,1980-06-10,4,right,29.7,89,אַלי-עֶל
ישובים,אליפו,הקיבוץ הארצי,1510.9120,"נ""צ 1510.9120, קיבוץ של תנועת הקיבוץ הארצי, בערבה (בינוי ארעי קודם: סמר ב'); השם מקראי, אחד משלושת רעי איוב (איוב ב', י*א),",2633,1980-06-10,4,right,22.7,86.8,אליפו
ישובים,אַלְמוג,,1964.1337,"נ""צ 1964.1337, היאחזות נחל בצפון מערב ים דמלח (כינוי ארעי קודם: קליה ב); על שם יהודה אלמוג, ממחיי היישוב העברי בחבל סדום.",2633,1980-06-10,4,right,41,85.2,"1964.1337,"
ישובים,אלעְזֶר,המושבים הדתיים,1835.1187,"נ""צ 1835.1187, מושב שיתופי של תנועת המושבים הדתיים, הפועל המזרחי, ביהודה (כינוי ארעי קודם: עציון ג'); על שם אלעזר החש- מונאי שנהרג באזור זה.",2633,1980-06-10,4,right,40.8,89.3,אלעְזֶר
ישובים,אל-רום,הקיבוץ המאוחד,222.287,"נ""צ 222.287, קיבוץ של תנועת הקיבוץ המאוחד, בגולן, במ""א גולן; שם סמלי.",2633,1980-06-10,4,right,41.3,86.3,אל-רום
ישובים,ה זוד אלקנה,,1550.1075,"נ""צ 1550.1075, ישוב עירוני (שם ארעי קודם: מסחה, פארים), במ""א אשדות שומרון; שם סמלי.",2633,1980-06-10,4,right,34,83.3,ה
ישובים,אמבר,,0844.0883,"ג""צ 0844.0883, מרכז גושי, חבל עזה, במ""א חוף עזה; שם סמלי, מובנו אסם או ממגורה.",2633,1980-06-10,4,right,47.8,85.8,ממגורה.
ישובים,אַנִיעֶם,המושבים,2195.2025,"נ""צ 2195.2025, מושב שיתופי של תנועת המושבים, בגולן (בינוי ארעי קודם: כפ""ת א'), במ""א גולן; שם מקראי, מבני שבט מנשה (דבהי""א ז', י""ט).",2633,1980-06-10,4,right,33.5,87.6,אַנִיעֶם
ישובים,אֶפיק,איחוד הקיבוצים והקבוצות,2159.2428,"ג""צ 2159.2428, קיבוץ של תנועת איחוד הקיבוצים והקבוצות בגולן, מ""א גולן; השם סמלי (אפיקי הנחלים), וכן מזכיר את כפר אפיק הנזכר בתלמוד והמזוהה באזור.",2633,1980-06-10,4,right,36.5,89.2,"ג""צ"
ישובים,אפרתה,,166.119,"נ""צ 166.119, עיר ביהודה; שם מקראי.",2633,1980-06-10,4,right,44.9,79.1,אפרתה
ישובים,אַרגֶמֶן,החרות --,1995.1754,"נ""צ 1995.1754, מושב של משקי תנועת החרות -- ביתר בבקעה, מ""א ערבות הירדן; השם ניתן לזכרם של אריה רגב וגד מנלה שנפלו בבקעה.",2633,1980-06-10,4,right,23.6,84.9,אַרגֶמֶן
ישובים,אריאל,,187.168,"נ""צ 187.168, ישוב עירוני בשומרון, מ""א אשדות שומרון; השם פיוטי, סמלי. ו",2633,1980-06-10,4,left,58.2,86.6,"187.168,"
ישובים,אשחֶר,,1788.2885,"נ""צ 1788.2885, היאחזות נח""ל בגליל; על שם האשחר הארץ- ישראלי, הגדל בשטחי החורש באזורים הרריים. זהו שית בעל פרחים צהובים קטנים, פירותיו הבשלים הם בעלי גוון שחור, ומכאן גם שמו.",2633,1980-06-10,4,left,36.4,88.5,"1788.2885,"
ישובים,אַשָלים,המושבים,1205.0410,"נ""צ 1205.0410, מושב שיתופי של תנועת המושבים, ברמת הנגב, במ""א רמת הנגב; על שם עצי האשל המצויים באזור (השם נקבע לראשונה בשנת 1956, אולם היישוב נעזב תקופה קצרה לאחר ההת- יישבות).",2633,1980-06-10,4,left,41.2,89.3,אַשָלים
ישובים,אָשרת,המושבים,1648.2641,"נ*צ 1648.2641, מושב של תנועת המושבים בגליל (כינוי ארעי קודם: עמקא ב'); על שמו של שבט אשר (על משקל השמות התנ""כיים אסנת, בשמת וכד').",2633,1980-06-10,4,left,24.6,87.1,אָשרת
ישובים,ביתדאל,,1715.1498,"נ""צ 1715.1498, ישוב קהילחי, במ""א מטה בנימין; השם מקראי (בראשית י""ג, ג* וכ""ח--י""ט).",2633,1980-06-10,4,left,38.7,83,"וכ""ח--י""ט)."
ישובים,בית-זיד,,160.245,"נ""צ 160.245, כפר קטן, במ""א עמק יזרעאל; על שמו של אלכסנדר זיך ז""ל.",2633,1980-06-10,4,left,64.4,86.4,בית-זיד
ישובים,"בית""חורון",,1625.1425,"נ""צ 1625.1425, ישוב קהילתי, במ""א מטה בנימין; השם מקראי (יהושע כ""א--כ""בן שמואל א"", י""ג--י""ח).",2633,1980-06-10,4,left,63.7,85.3,"בית""חורון"
ישובים,בית-רמון,הקיבוץ הדתי,1810.2440,"נ""צ 1810.2440, קיבוץ של תנועת הקיבוץ הדתי, בגליל (שם ארעי קודם: טורען); על שם ישוב קדום *רמון"" או ""בית רמון"", שבקרבת מקום (יהושע י""ט, י""ג), מוזכר במסורת התנאים כמקום שבו התארגן ,חיישוב בגליל אחר מרד בּר""כוכבא.",2633,1980-06-10,4,left,3,82.8,בית-רמון
ישובים,בני יְהודֶה,,2149.2481,"נ""צ 2149.2481, מרכז גושי בגולן, במ""א גולן; על שם המושבה *בני יהודה* שנוסדה באזור בשנת תרמ""ו (1886) ע""*י יהודים מצפת ומטבריה. נעזבה לאחר מלחמת העולם הראשונה.",2633,1980-06-10,4,left,13.6,82.2,יְהודֶה
ישובים,ְסמֶת טַבְון,,1648.2882,"נ""צ 1648.2882, ישוב בדואי ליר טבעון; על שם החרבה בסמאת הסמולה,",2633,1980-06-10,4,left,9.3,67.4,ְסמֶת
ישובים,בְּקָעוּת,האיחוד החקלאי,1928.1833,"נ""צ 1928.1833, מושב שיתופי של תנועת האיחוד החקלאי, בבקעה, במ""א ערבות הירדן; השם הינו מונח גיאוגרפי המציין את מבנה האזור.",2633,1980-06-10,5,right,40.2,85.4,האיחוד
ישובים,בריוחאי,,1922.2660,"נ""צ 1922.2660, מרכז אזורי בגליל העליון (שם ארעי קודם: מרכז מירון), גמ""א מרום הגליל; על שמו של התנא ר' שמעון בר יוחאי.",2633,1980-06-10,5,right,21,85.9,"גמ""א"
ישובים,גְבעַת אַדְמָה,,1842.1590,"""צ 1842.1590, היאחזות נח""ל בבקעה (שם ארעי קודם: מגוא שילה); צירוף של שם מונח גיאוגרפי ושם היסטורי.",2633,1980-06-10,5,right,34.9,84.1,"""צ"
ישובים,גבעת יואָב,המושבים,214.245,"נ""צ 214.245, מושב של תנועת המושבים בגולן, במ""א גולן.",2633,1980-06-10,5,right,68.9,88.3,יואָב
ישובים,גְדִיד,,0774.0870,"נ""צ 0774.0870, היאחזות נת""ל בחבל עזה (שם ארעי קודם: קטיף ו'), במ""א חוף עזה; השם סמלי ומציין את הפעולה החקלאית של לקיטת התמרים הגדלים באזור.",2633,1980-06-10,5,right,30.3,85.7,גְדִיד
ישובים,גלגל,הקיבוץ המאוחד,1981.1516,"נ""צ 1981.1516, קיבוץ של תנועת הקיבוץ המאוחד, בבקעה, במ""א ערבות הירדן; השם מקראי.",2633,1980-06-10,5,right,18.3,84.5,גלגל
ישובים,גןדאור,המושבים הדתיים,0830.0800,"נ""צ 0830 0800, מושב של תנועת המושבים הדתיים, הפועל המזרחי, בחבל עזה, במ""א חוף עזה, שם סמלי.",2633,1980-06-10,5,right,49.5,88.4,גןדאור
ישובים,גני טל,המושבים הדתיים של רפועל המזרחי,0861.0836,"נ""צ 0861 0836, מושב של תנועת המושבים הדתיים של רפועל המזרחי, בחבל עזה, במ""א חוף עזה, השם סמלי.",2633,1980-06-10,5,right,54.1,89.1,גני
ישובים,גֶרנות הַגֶלִיל,,1725.2737,"נ""צ 1725.2737, מרכז אזורי בגליל העליון (ליד מושב גורן), במ""א מעלה לוסף; שם סנ'לי.",2633,1980-06-10,5,right,0,74.4,גֶרנות
ישובים,גטור,הקיבוץ הארצי,2175.2472,"נ""צ 2175.2472, קיבוץ של תנועת הקיבוץ הארצי, בגולן, במ""א גילן; שם מקראי.",2633,1980-06-10,5,right,0,81.2,גטור
ישובים,גתֶה,המושבים,174.264,"נ""צ 174.264, מושב של תנועת המושבים בגליל (שם ארעי קודם: תפן ט'); על שם הנחל הסמוך, שנגזר מן השם ג'ת.",2633,1980-06-10,5,right,47.7,88.8,גתֶה
ישובים,ְתִית,"החרות--בית""ר",1875.1675,"נ""צ 1875.1675, מושב של משקי תנועת החרות--בית""ר, בבקעה, במ*א ערבות הירדן; על פי הצורה הטופוגרפית שבח ממוקם היישוב-- דומה לכלי זמר קדמון שנזכר במקרא והקרוי גתית (תהלים ח', א?.",2633,1980-06-10,5,left,24,85.3,ְתִית
ישובים,דיזֶרֶב,העובד הציוני,100.767,"נ""צ 100.767, מושב שיתופי של תנועת העובד הציוני, לאורך מפרץ אילת (כינוי ארעי לודם: דהב); השם מקראי.",2633,1980-06-10,5,left,1.7,86.6,דיזֶרֶב
ישובים,.וד דְקלֶה,"החרות--בית""ר",066.076,"נ""צ 066.076, מושב של משקי תנועת החרות--בית""ר, בתבל ימית; על שם עצי הדקלים (שם נרדף לתמר) האופייניים לאזור.",2633,1980-06-10,5,left,40.8,83.2,דְקלֶה
ישובים,זהַרון,המושבים לאורך מפרץ אילת,1187.8240,"נב""צ 1187.8240, מושב של תנועת המושבים לאורך מפרץ אילת (כינוי ארעי קודס: נביעות ב'); על שמו של דג אופייני המצוי בחוף הסמוך.",2633,1980-06-10,5,left,33.6,84.5,זהַרון
ישובים,זרזיר,,237.171,"ג""צ 237 171, ישוב בדואי ליד נהלל, זרזיר הוא שמה של צפור שיר, המזכיר את שם השבט זרזורה.",2633,1980-06-10,5,left,64.5,90.4,"ג""צ"
ישובים,חולית,איחוד הקיבוצים והקבוצות,0717.0710,"נ""צ 0717 0710, קיבוץ של תנועת איחוד הקיבוצים והקבוצות, בחבל ימית, שם סמלי, על יסוד רבוי החוליות באזור.",2633,1980-06-10,5,left,89.8,92.2,"נ""צ"
ישובים,חַלֶמיש,,1625.1575,"נ""צ 1625.1575, ישוב קהילתי (כינוי ארעי קודם: נבי צלת, נוה צוף), במ""א מטה בנימין; השם סמלי, על פי הפסוק בדברים ל""ב, י""ג. ""וינקהו דבש מסלע ושמן מחלמיש צור"".",2633,1980-06-10,5,left,35.5,87.8,חַלֶמיש
ישובים,חַמרֶה,האיחוד החקלאי,1915.1785,"נ""צ 1915.1785, מושב שיתופי של תנועת האיחוד החקלאי, בבקעה, במ""א ערבות הירדן, חמרה היא מלה ארמית שמובנר יין.",2633,1980-06-10,5,left,35.6,82,תנועת
ישובים,חִספין,,224.950,"נ""צ 224.950, מרכז גושי בגולן, במ*א גולן; השם היסטורי, מופיע בספר חשמונאים א', פרק ה'.",2633,1980-06-10,5,left,0,72.8,חִספין
ישובים,חַצבָה,המושבים,1766.0196,"נ""צ 1766.0196, מושב של תנועת המושבים, בערבה, במ*א הערבה התיכונה; על פי דמיון הצליל לשם הקודם: אל חצב. -*",2633,1980-06-10,5,left,14.9,82.9,"נ""צ"
ישובים,חֶרֶשִים,,181.262,"נ""צ 181.262, מצפור בגליל; על שם חרשי הברזל שהיו באזור בתקופה הישראלית.",2633,1980-06-10,5,left,20.3,84.5,חֶרֶשִים
ישובים,טובָא זְגְרִיֶה,,2063.2048,"נ""צ 2063.2048, שם למועצה מקומית בגליל, המאחדת בתוכה את הכפר טובא ואת השטח שמתגוררים בו חלק מאנשי ערב זנגריה.",2633,1980-06-10,6,right,0,82.4,זְגְרִיֶה
ישובים,טלדאל,המושבים,167.259,"נ""צ 167.259, מצפה מיועד למושב של תנועת המושבים, בגליל; שם סמלי. שם ארעי קורם: ג'דידה--יצהר.",2633,1980-06-10,6,right,23.2,76.3,ג'דידה--יצהר.
ישובים,ללִים,המושבים,1208.0450,"|||נ""צ 1208.0450, מושב של תנועת המושבים, ברמת הנגב (כינוי ארעי קודם: אשלים ב'), במ""א רמת הנגב; השם ניתן על יסוד ריבוי הטללים באזור.",2633,1980-06-10,6,right,0,85.7,"|||נ""צ"
ישובים,טפחות,הפועל המזרחי,190.253,"נ""צ 190.253, מצפה המיועד למושב של תנועת הפועל המזרחי, בגליל (כינוי ארעי קודם טפחות); על שם ההר הסמוך, ששמו נקבע על פי דמיון הצליל לשם הקודם: ואדי""אם""תפח. -",2633,1980-06-10,6,right,67.2,90.1,ארעי
ישובים,יבול,האיחוד החקלאי,0715.0091,"נ""צ 0715.0091, מושב של תנועת האיחוד החקלאי, בחבל ימית (כינוי ארעי קודם: שדות ז'); השם סמלי לחקלאות.",2633,1980-06-10,6,right,29,88,"0715.0091,"
ישובים,יד-הַשמונָה,,1882.1053,"נ""צ 1882.1053 כפר קטן ביהודה, במ""א מטת יהודה; על שם שמונת היהודים שנספו בפינלנד במלחמת העולם השניה.",2633,1980-06-10,6,right,0,82.7,יד-הַשמונָה
ישובים,יהל,איחוד הקבוצות והקיבוצים,1622.9445,"נ""צ 1622.9445, קיבוץ של תנועת איחוד הקבוצות והקיבוצים, בערבה (כינוי ארעי קודם: קטורה ב'), במ""א חבל אילות; שם סמלי שמובנו יטה אהל (ישעיה י""ג, כ': *ולא יהל שם ערבי"").",2633,1980-06-10,6,right,46.3,86.1,"ב'),"
ישובים,ת,המושבים הדתיים,2246.2602,"נ""צ 2246.2602, מושב של תנועת המושבים הדתיים, הפועל המזרחי, בגולן, במ""א גולן; השם סמלי, בהוראה שאולה של הדמוי המקראי *קשת יונתן לא נסוג אחור* (שמואל ב', א', כ""ב).",2633,1980-06-10,6,right,31.4,87.2,ת
ישובים,יִיטֶב,הקיבוץ המאוחד,1901.1804,"ג""צ 1901.1804, קיבוץ של תנועת הקיבוץ המאוחד, בבקעה (כינוי ארעי קודם: נערן), במ""א ערבות הירדן; על שמו של יצחק טבנקין ז""ל, ממיסדי תנועת העבורה. ייטב ראשי תיבות של יד יצחק טבנקין.",2633,1980-06-10,6,right,3.6,88.5,יִיטֶב
ישובים,ימית,,0705.0765,"ג""צ 0705.0765, עיר בחבל ימית; שם סמלי.",2633,1980-06-10,6,right,66.4,84.9,"ג""צ"
ישובים,יפית,המושבים,1948.1648,"נ""צ 1948.1648, מושב של תנועת המושבים, בבקעה (כינוי ארעי קודם: פצאל ד'), במ""א ערבות הירדן; על שמו של יוסי יפה ז""ל, מראשי דור ההמשך בתנועת המושבים, אשר תרם ופעל רבות בהתה יישבות החדשה ובמיוחד בבקעת הירדן.",2633,1980-06-10,6,left,18.9,87.4,בהתה
ישובים,יד,המושבים,1731.2587,"נ""צ 1731.2587, מושב שיתופי של תנועת המושבים, בגליל (כינוי ארעי קודם: שגב א'); שם סמלי.",2633,1980-06-10,6,left,10.6,82.6,יד
ישובים,כוכב הַשחר,,1827.1523,"נ""צ 1827.1523, היאחזות נת""ל בבקעה, במ""א ערבות הירדן; השם ציורי, מזכיר את מובן השם חרבת א""נג'מה הסמוך.",2633,1980-06-10,6,left,19.4,85.9,הַשחר
ישובים,כחל,המושבים,1978.2585,"נ""צ 1978.2585, מושב של תנועת המושבים בגליל (כינוי ארעי קודם: הר כור); על שם עוף מצוי באזור, וכן צורה עברית לעין כחל הסמוך.",2633,1980-06-10,6,left,58.8,89.4,(כינוי
ישובים,כישור,הקיבוץ הארצי,1757.2834,"נ""צ 1757.2834, קיבוץ של תנועת הקיבוץ הארצי בגליל (כינוי ארעי קודם: תפן א); על שם כלי עבודה הקשור למלאכת האריגה, מוזכר במשלי ל""א, י""ט: ""ידיה שלחה בכישור"".",2633,1980-06-10,6,left,37.7,88.7,"1757.2834,"
ישובים,כליל,,169.266,"נ""צ 169.266, מצפור בגליל (שם ארעי קודם: חרבת כליל); על שם החרבה הסמוכה.",2633,1980-06-10,6,left,46,89.2,הסמוכה.
ישובים,כַלֶנית,המושבים,930.2585,"נ""צ 930.2585, מושב של תנועת המושבים, הפועל המזרתי, בגליל; על שם צמח בר בעל פקעת, הפורח באביב, ופרחיו אדומים, סגולים, כחולים, ורודים או לבנים.",2633,1980-06-10,6,left,21.8,85.2,כַלֶנית
ישובים,כַמון,,184.257,"נ""צ 184.257, מצפור בגליל (כינוי ארעי קודם: כמון מזרח); על שם ההר הסמוך שנקבע על פי דמיון הצלילים לשם הקודם: ג'בל כמנה, כמון גם שם של תבלין, מוזכר בישעיה כ""ח, כ""ה.",2633,1980-06-10,6,left,68.6,90.5,כַמון
ישובים,כסִיפָה,,15800.07125,"נ""צ 15800.07125, ישוב ערבי, בביש ערד צומת שקת; על שם החרבה הסמוכה.",2633,1980-06-10,6,left,51.5,84.7,כסִיפָה
ישובים,כפר-דְָרום,,088.090,"נ""צ 088.090, היאחזות נח""ל בחבל עזה, במ""א חוף עזה; שם היסד טורל מתקופת התלמוד, מקומו של התנא אליעזר בן יצחק איש כפר דרום, המזוהה באזור.",2633,1980-06-10,6,left,2,81.6,היסד
ישובים,"כְּפֶר""חנְגיָה",המושבים של הפועל המזרחי,1901.2573,"נ""צ 1901.2573, מושב של תנועת המושבים של הפועל המזרחי, בגליל; השם היסטורי, מוזכר במשנה שביעית פרק ט', ב'.",2633,1980-06-10,7,right,22,87.4,"כְּפֶר""חנְגיָה"
ישובים,כפר-חֶרוב,איחוד הקיבוצים והקבוצות,212.241,"נ""צ 212.241, קיבוץ של תנועת איחוד הקיבוצים והקבוצות, בגולן, במ""א גולן; השם היסטורי מתקופת התלמוד, נזכר בין העיירות שהיו בתחום העיר סוסיתא (ירושלמי, דמאי ב', א').",2633,1980-06-10,7,right,36.5,86.5,כפר-חֶרוב
ישובים,"כפר""עציון","הקיבוץ הדתי במ""א גוש עציון; חידוש שמו של הקיבוץ כפר עציון שנוסד",181.118,"נ""צ 181.118, קיבוץ של תנועת הקיבוץ הדתי במ""א גוש עציון; חידוש שמו של הקיבוץ כפר עציון שנוסד בשנת תרצ""ב, נחרב במלחמת השחרור וחודש לאחר מלחמת ששת הימים.",2633,1980-06-10,7,right,33.7,87.8,"כפר""עציון"
ישובים,כפר-רות,המושבים,1537.1405,"נ""צ 1537.1405, מושב של תנועת המושבים, בשפלה הגבוהה (כינוי ארעי קודם: חורון ג'), במ""א מטה בנימין; על יסוד השם כפר רותה או כפריתא המופיע במפת מידבא, והמזוהה עם ח' כפר לוט הסמוכה.",2633,1980-06-10,7,right,25.8,89.2,כפר-רות
ישובים,כרמי יוסף,התאחדות ראכרים,1415.1435,"נ""צ 1415.1435, מושבה של תנועת התאחדות ראכרים בשפלה הג- בוהר; על שמו של יוסף ספיר ז""ל, שהיה מראשי המפלגה הליברלית ויו""ר שלה, ושר בממשלה.",2633,1980-06-10,7,right,17.5,84.7,כרמי
ישובים,לאקיה,,1365.0815,"נ""צ 1365.0815, ישוב ערבי, צפונית מערבית לכביש באר-שבע צומת שקת; על שם החרבה שבסמוך ח' לאקיה.",2633,1980-06-10,7,right,55.3,87.7,באר-שבע
ישובים,לבנים,המושבים,2525.1960,"נ""צ 2525 1960, מושב של תנועת המושבים, בגליל (כינוי ארעי קודם: רמות לבנים); על שם עצי הלבנה רמצויים באזור. לבנה אחד מעצי החורש, אופייני לאזור ההרים.",2633,1980-06-10,7,right,88,91.7,באזור.
ישובים,לוטֶן,,1570.9350,"נ""צ 1570.9350, ישוב מתוכנן בערבה (כינוי ארעי קודם: יהל ב'); שם מקראי, ""ואחות לוטן תמנע"" (בראשית ל""ו, כ""ב).",2633,1980-06-10,7,right,37,84.5,"תמנע"""
ישובים,לטם,הקיבוץ המאוחד,1846.2540,"נ""צ 1846.2540, קיבוץ של תנועת הקיבוץ המאוחד, בגליל (כינוי ארעי קודם: חלזון); על שם שיח בר ירוק, בעל פרחים גדולים לבנים או ורודים, אופייני לאזור ההרים.",2633,1980-06-10,7,right,86,91.8,"נ""צ"
ישובים,לפידות,דמושבים,1770.2005,"נ""צ 1770.2005, מושב של תנועת דמושבים בגליל (כינוי ארעי קודם: תפן ו'); השם סמלי לתעשיה.",2633,1980-06-10,7,right,39.9,87.5,ו');
ישובים,מבוא חורון,פועלי אגודת ישראל,153.140,"נ""צ 153.140, קיבוץ של תנועת פועלי אגודת ישראל, בשפלה הג"" בוהה, במ""א מטה בנימין; השם מציין את הדרך לבית חורון.",2633,1980-06-10,7,left,52,90.4,"הג"""
ישובים,מבוא חַמָה,איחוד הקבוצות והקיבוצים,9116.2378,"נ""צ 9116.2378, קיבוץ של תנועת איחוד הקבוצות והקיבוצים, בגולן, במ""א גולן; השם מסמל את הדרך לחמת גדר, מקום של מעינות מים מינרלים חמים בבקעת הירמוק.",2633,1980-06-10,7,left,46.3,87.7,"9116.2378,"
ישובים,"מגְדל""עז",הקיבוץ הדתי,1637.1164,"נ""צ 1637.1164, קיבוץ של תנועת הקיבוץ הדתי (כינוי ארעי קודם: עציון ד), במ""א גוש עציון; השם סמלי, על יסוד הפסוק במשלי י""ח, י': ""מגדל עז שם ה'"", ובתהלים ס""א, ד': ""מגדל עז מפני אויב"".",2633,1980-06-10,7,left,17.4,85.6,"מגְדל""עז"
ישובים,"מגדל""תפן",,176.265,"נ""צ 176.265, מרכז תעשייתי באזור תפן, שבגליל; השם סמלי.",2633,1980-06-10,7,left,41.8,87.3,"מגדל""תפן"
ישובים,מְגן שאול,,179.214,"נ""צ 179.214, מושב של תגועת המושבים בגלבוע (כינוי ארעי קודם: כרם שאול), במ""א הגלבוע; שם מקראי, על פי הפסוק בשמואל ב', א', כ""א: *מגן שאול בלי משיח בשמן"".",2633,1980-06-10,7,left,0,85.1,מְגן
ישובים,מורג,,082.080,"נ""צ 082.080, היאחזות נח""ל בחבל עזה, במ""א חוף עזה; שם סמלי לחקלאות.",2633,1980-06-10,7,left,33.9,87.8,מורג
ישובים,מורֶן,,1872.2583,"נ""צ 1872.2583, קיבוץ של תגועת הקיבוץ המאוחד, בגליל (כינוי ארעי קודם: גבעת רמה); על שם עץ או שיח רב שנתי, שגדל בר ומגדלים אותו גם לנוי.",2633,1980-06-10,7,left,24.7,88.6,מורֶן
ישובים,מורשת,האיחוד דחקלאי,1725.2475,"נ""צ 1725.2475, מושב של תנועת האיחוד דחקלאי, בגליל (כינוי ארעי קודם: שגב ד', אשחר); שם סמלי.",2633,1980-06-10,7,left,64.2,88.5,"ד',"
ישובים,מִחוּלֶה,המושבים הדתיים,1987.1908,"נ""צ 1987.1908, מושב שיתופי של תנועת המושבים הדתיים, הפועל המזרחי, בבקעה, במ""א ערבות הירדן; שם מקראי, אזכור לשם אבל מחולה.",2633,1980-06-10,7,left,7.2,87.2,מִחוּלֶה
ישובים,מכורֶה,האיחוד החקלאי,1902.1746,"נ""צ 1902.1746, מושב שיתופי של תנועת האיחוד החקלאי, בבקעה, במ""א ערבות הירדן; שם סמלי.",2633,1980-06-10,7,left,60.1,88.2,מכורֶה
ישובים,מַלכישועַ,,1893.2051,"נ""צ 1893.2051, היאחזות נת""ל בגלבוע (כלנוי ארעי קודם: מעלה נחל); שם מקראי, בנו של שאול (שמואל א', י""ד, מ""ט; ל""א, ב).",2633,1980-06-10,8,right,19.2,80.1,מַלכישועַ
ישובים,מָנוף,האיחוד התקלאי,1721.2500,"נ""צ 1721.2500, מושב של תנועת האיחוד התקלאי, בגליל (כינוי ארעי קודם: שגב ג'); השם סמלי לתעשייה.",2633,1980-06-10,8,right,77.1,89.4,(כינוי
ישובים,מָנות,המושבים,167.271,"נ""צ 167.271, מצפה מיועד למישב של תנועת המושבים, בגליל (כינוי ארעי קודם: חרדלית); על שם החרבה הסמוכה ח"" אל מנואת, שמקורו כנראה ארמי, ופירושו מנות.",2633,1980-06-10,8,right,60.5,88.9,מָנות
ישובים,מַעַלה אַדְמִים,,1788.1820,"נ""צ 1788.1820, עיר, מועצה מקומית; שם מקראי (ירושע ט""ו, ז'; ל""ת, י""ז).",2633,1980-06-10,8,right,12,72.9,"י""ז)."
ישובים,מעלה אפרים,,1881.1642,"נ""צ 1881.1642, ישוב עירוני בבקעה; דשם סמלי, לציון הדרך המובילה לארץ אפרים.",2633,1980-06-10,8,right,49,88.8,אפרים.
ישובים,מַעַלָה גֶלבועַ,הפועל המזרחי,189.208,"נ""צ 189.208, קיבוץ של תנועת הפועל המזרחי, בגלבוע, במ""א בקעת בית-שאן; רשם מקראי (שמואל א"", כ""ח, ד'; שמואל ב', א', כ""א).",2633,1980-06-10,8,right,0,81.6,גֶלבועַ
ישובים,מעלה גִמלא,רמושבים,2154.2557,"נ""צ 2154.2557, מושב של תנועת רמושבים בגולן (כינוי ארעי קודם: מורדות), במ""א גולן; השם סמלי, מציין את הדרך למבצר גמלא, מימי בית שבי.",2633,1980-06-10,8,right,16.4,87,גִמלא
ישובים,מצפה שָלֶם,איחוד רקבוצות והקיבוצים,1880.1085,"נ""צ 1880.1085, קיבוץ של תנועת איחוד רקבוצות והקיבוצים, בבקעה, במ""א מגילות; על שם נתן שלם ז""ל, איש ידיעת הארץ אשר, חקר במיוחד את מדבר יהודה.",2633,1980-06-10,8,right,28.5,88,שָלֶם
ישובים,וה,,1777.2513,"נ""צ 1777.2513, היאחזות נחל בגליל (כינוי ארעי קודם: שגב ט', נח""ל עצמון); על שם צמח ממשפחת השפתניים, בעל פרחים גדולים עשירים בצוף. העלים של מיני המרוח השונים משמשים למאכל מבושל, לרפואה או לתבלין. מוזכר בתלמוד שבת ק""ט, ב"".",2633,1980-06-10,8,right,2.7,86.6,וה
ישובים,מרְכַז שָפירא,,122.123,"ג""צ 122.123, מרכז גושי בחבל הבשור (כינוי ארעי קודם: דגנים), במ""א שפיר] על שם השר חיים משה שפירא ז""ל, ממייסדי תנועת דפועל המזרחי ומראשיה",2633,1980-06-10,8,right,20.8,85.4,שָפירא
ישובים,משואָה,העובד הציוני,1988.1089,"נ""צ 1988.1089, מושב של תנועת העובד הציוני, בבקעה, במ""א ערבות דירדן; שם סמלי, לציון המשואות שהיו משיאים על קרן סרטבה.",2633,1980-06-10,8,left,64.1,90,משואָה
ישובים,מִתֶת,,183.272,"נ""צ 183.272, מצפור בגליל (כינוי ארעי קודם: הר מתת); על פי שם ההר הסמוך.",2633,1980-06-10,8,left,48.9,88.5,מִתֶת
ישובים,מִתְתִיָהו,,1585.1485,"נ""צ 1585.1485, מושב שיתופי של פועלי אגודת ישראל, בשפלה הגבוהה (כינול ארעי קודם: חורון ד'), במ""א מטה בנימין, על שמו של מתתיהו החשמונאי.",2633,1980-06-10,8,left,0,87,מִתְתִיָהו
ישובים,נֶאות גולֶן,העובד הציוני,2150.2435,"נ""צ 2150.2435, מושב שיתופי של תנועת העובד הציוני, בגולן, במ""א גולן; השם סמלי.",2633,1980-06-10,8,left,0,82.2,נֶאות
ישובים,נָאות סיני,החרות --,038.056,"נ""צ 038.056, מושב של משקי תנועת החרות -- ביתר, בחבל ימית; (כינוי ארעי קודם: נחל סיגי); השם סמלי.",2633,1980-06-10,8,left,0,83.7,נָאות
ישובים,נביעות,המושבים,1175.8280,"נ""צ 1175.8280, מושב של תנועת המושבים, במפרץ אילת; השם סמלי ובצלילו דומה לשם נויבע הסמוך.",2633,1980-06-10,8,left,53.1,89.6,נויבע
ישובים,נוב,רמושבים הדתיים,2239.2484,"נ""צ 2239.2484, מושב של תנועת רמושבים הדתיים, הפועל המזרתי, בגולן; נוב הוא שם מקום מתקופת התלמוד, שהיה בתחום העיר סו- סיתא.",2633,1980-06-10,8,left,47.1,85.5,"המזרתי,"
ישובים,"נוה אָטי""ב",העובד הציוני,2195.2905,"נ""צ 2195.2905, מושב שיתופי של תנועת העובד הציוני, בגולן במ""א גולן; דקדומת ""נוה"" מציינת מקום קייט ותיירות, השם אטי""ב הוא ראשי תיבות של שמות ארבעה מוזברי הגרעין שנפלו בפעולות באזור החרמון.",2633,1980-06-10,8,left,10.2,88.1,"2195.2905,"
ישובים,נוה שַלום,,148.136,"ב""צ 148.136, מוסד חינוכי ביהודה; שם סמלי,",2633,1980-06-10,8,left,0,71.7,שַלום
ישובים,נְטור,הקיבוץ הארצי,2206.2506,"נ""צ 2206.2506, קיבוץ של תנועת הקיבוץ הארצי, בגולן (בינוי ארעי קודם: גשור ב); על שם גבעה סמוכה ""גבעת נטור* ששמה נקבע על פי דמיון הצלילים לשם אל מנטר.",2633,1980-06-10,8,left,16,83.8,נְטור
ישובים,ניר אַברְהֶם,דמושבים,0735.0665,"נ""צ 0735.0665, מושב של תנועת דמושבים בחבל ימית (כינוי ארעי קודם: ויפיח ד); על שמו של אברדם הרצפלד ז""ל, מאבות ההת- יישבות.",2633,1980-06-10,9,right,41.9,79.8,דמושבים
ישובים,ירן,הקיבוץ המאותד,1528.1934,"נ""צ 1528 1934, קיבוץ של תנועת הקיבוץ המאותד, בבקעה (כינוי ארעי קודם: נערן); השם סמלי לחקלאות.",2633,1980-06-10,9,right,35.4,84.7,ירן
ישובים,נצר חַזֶני,המושבים הדתיים של רפועל המזרחי,0880.0857,"נ""צ 0880 0857, מושב של תנועת המושבים הדתיים של רפועל המזרחי, בחבל עזה (כינוי ארעי קודם קטיף א'), במ""א חוף עזר; על שמו של מיכאל חזני ז""ל, מאבות הרתיישבות הדתית.",2633,1980-06-10,9,right,47.6,88.2,חַזֶני
ישובים,נצֶרים,,0988.0926,"נ""צ 0988 0926, היאחזות נח""ל בחבל עזה, במ""א חוף עזה; השם סמלי לחקלאות.",2633,1980-06-10,9,right,30.4,86.9,נצֶרים
ישובים,נתיב הגדוד,דמושבים,1850.1923,"נ""צ 1850 1923, מושב של תנועת דמושבים, בבקעד (כינוי ארעי קודם: פצאל ג'), במ""א ערבות הירדן; השם סמלי, לזכר הגדודים העבריים שחנו באזור במלחמת דעולם דראשונה, ומכאן כבשו את מעבר אום""שורט ועלו לאזור סאלט.",2633,1980-06-10,9,right,57.2,89.9,"דמושבים,"
ישובים,נתיב הֶעשָרָה,המושבים,0095.0745,"נ""צ 0095 0745, מושב של תנועת המושבים בחבל ימית (בינוי ארעי קודם: מנין), על שמם של עשרה חיילי צה""ל שנהרגו במסוק באזור זה",2633,1980-06-10,9,right,1.4,88.7,הֶעשָרָה
ישובים,סופָה,איחוד הקבוצות והקיבוצים,0725.0747,"נ""צ 0725.0747, קיבוץ של תנועת איחוד הקבוצות והקיבוצים, בחבל ימית (כינוי ארעי קודם: סוכות); שם סמלי, לציון סופות החול האופייניות לאיזור.",2633,1980-06-10,9,right,37.5,87.2,סופָה
ישובים,סלעית,,1549.1834,"נ""צ 1549.1834, היאחזות נח""ל בשפלה הגבוהה (כינוי ארעי קודם: צו"" נתן ב); שם סמלי לצורת פני השטח.",2633,1980-06-10,9,right,55.9,87.6,ב);
ישובים,ספיר,,0020.1675,"נ""צ 0020 1675, מרכז גושי בערבה, ישרת את היישובים פארן, צופר, חצבה ועוןיהב; מ""א הערבה דתיכונה; על שמו של פנחס ספיר ז""ל, שר ראוצר ויו""ר הנהלת הסוכנות היהודית.",2633,1980-06-10,9,right,17.1,87.8,ועוןיהב;
ישובים,מֶ,הקיבוץ הארצי,1505.9163,"נ""צ 1505.9163, קיבוץ של תנועת הקיבוץ הארצי, בערבה (כינוי ארעי קודם: סמר), מ""א חבל אילות; על שם הצמח סמר הגדל באזור ואופייני לאזורים צחיחים עם מים מלוחים.",2633,1980-06-10,9,right,28.9,88.1,מֶ
ישובים,עדי,,166.243,"נ""צ 166.243, מצפור בגליל (כינוי ארעי קודם: יפתח אל ב'); השם סמלי, מלה נרדפת לחלי, שהוא שם מקראט(יהושע י""ט, ב""ד), מקום בנחלת אשר, המזוהה בתל הסמוך.",2633,1980-06-10,9,left,48.2,87.5,ב');
ישובים,עדן,רמושבים,027.180,"נ""צ 027 180, מושב של תנועת רמושבים, בערבה, במ""א תמר; על שם הנחל דסמוך, שנקבע גם הוא על פי דמיון דצלילים לשם הקודם: ואדי אם אל עדן.",2633,1980-06-10,9,left,31.3,89.9,עדן
ישובים,"עין""זין",הקיבוץ המאוחד,2250.2780,"נ""צ 2250.2780, קיבוץ של תנועת הקיבוץ המאוחד בגולן, במ""א גולן; צורד עברית לשם הקודם עין זיון.",2633,1980-06-10,9,left,28.5,87.5,"עין""זין"
ישובים,עין-חַצבָה,האיחוד החקלאי,1735.0232,"נ""צ 1735.0232, מושב שיתופי של תנועת האיחוד החקלאי, בערבה (כינוי ארעי קודם: ירקנים), במ""א הערבה התיכונה; על שם רמעין הסמוך עין חצבה.",2633,1980-06-10,9,left,51,87.4,עין-חַצבָה
ישובים,"עין""נקובא",,1612.1444,"נ""צ 1612.1444, ישוב ערבי ביהודה, במ""א מטה ידודה.",2633,1980-06-10,9,left,17.1,70.2,"1612.1444,"
ישובים,עין-תְמֶר,רנושבים,1840.0435,"נ""צ 1840.0435, מושב של תנועת רנושבים, בערבה; (כינוי ארעי קודם: גאית הבכר ב'), במ""א תמר; השם סמלי לחקלאות.",2633,1980-06-10,9,left,4.4,81.4,עין-תְמֶר
ישובים,ַמְקָה,,199.267,"נ""צ 199.267, שם של מצפור בגליל (בינוי ארעי קודם: עמוקה); על שם רמעין הסמוך עין עמוקר,",2633,1980-06-10,9,left,62.9,89.3,ַמְקָה
ישובים,פְָארֶן,המושבים,1645.9750,"נ""צ 1645.9750, מושב של תנועת המושבים, בערבה במ""א הערגה התיכונה; על שם הנחל הסמוך.",2633,1980-06-10,9,left,13.7,85.9,פְָארֶן
ישובים,פלך,הקיבוץ הארצי,1724.200,"נ""צ 1724.200, קיבוץ של תנועת הקיבוץ הארצי, בגליל (כינוי ארעי קודם: תפן ג'); על שם כלי עבודה הקשור למלאכת האריגה (משלי ל""א, י""ט: ""וכפיה תמכו פלך"").",2633,1980-06-10,9,left,54.7,89.5,ג');
ישובים,פצאל,המושבים,1920.1612,"ג""צ 1920.1612, מושב של תנועת המושבים בבקעה, במ""א ערבות דירדן; צורה עברית לשם החרבה הסמוכה ח' פצאל.",2633,1980-06-10,9,left,51.1,88.2,"ג""צ"
ישובים,פריאל,זמושבים,0796.0086,"ב'""""צ 0796.0086, מושב של תנועת זמושבים בתבל ימית (כינוי ארעל קודם: רפיח ו); השם סמלי לחקלאות.",2633,1980-06-10,9,left,19.4,78.2,"ב'""""צ"
ישובים,"פֶרִי""גן",,0710.0674,"ג""צ 0710.0674, מושב של תנועתיהמושבים בחבל ימית (כינוי ארעי קודם: רפית 01; השם סמלי לחקלאות.",2633,1980-06-10,10,right,12,77.7,01;
ישובים,פַרְדם-החַנֶה-כַרכור,התאחדות האכרים,148.208,"ב""צ 148.208, מושבה מאוחדת של תנועת התאחדות האכרים (איחוד היישובים פרדס""חגה וכרכור למועצה מקומלת אחת).",2633,1980-06-10,10,right,0.9,77.8,פַרְדם-החַנֶה-כַרכור
ישובים,צבְעון,הקיבוץ הארצי,189.270,"נ""צ 189.270, מצפה המיועד לקיבוץ של תנועת הקיבוץ הארצי, בגליל (כינוי ארעי קודם: הר קלען); על שם הנחל הסמוך, שנקבע לר השם נחל צבעון, לפי דמיון הצלילים לשם ואדי א' צובייע.",2633,1980-06-10,10,right,61,90.2,צבְעון
ישובים,צופר,המושבים,1660.9890,"נ""צ 1660.9890, מושב של תנועת המושבים, בערבה; במ""א הערבה התיכונה; שם מקראי, אחד משלושת רעי איוב (איוב ב', י""א; וכ', ?",2633,1980-06-10,10,right,30.6,86.4,"נ""צ"
ישובים,צחר,,0950.0720,"נ""צ 0950.0720, מרכז גושי, חבל הבשור; שם מקראי, אחד מבני שמעון (בראשית מ""ו, י!).",2633,1980-06-10,10,right,17.3,85.2,י!).
ישובים,צַלְמון,,1847.2546,"נ""צ 1847.2546, היאחזות נח""ל בגליל; השם היסטורי, שם ישוב מתקופת המשנה והתלמוד (משנה כלאים ד', ט').",2633,1980-06-10,10,right,29.5,84.3,צַלְמון
ישובים,צביה,,181.255,"נ""צ 181.255, מצפה בגליל, מיועד ,להיות קיבוץ של תגועת הקיבוץ המאוחד (כינוי ארעי קודם: (נבי חלד); על שם צביה לובטקין, שהיתה ממנהיגי המרד בגיטו ורשה.",2633,1980-06-10,10,right,35.3,87.8,תגועת
ישובים,קדומים,,1850.1795,"נ""צ 1850.1795, ישוב קהילתי בשומרון (כינוי ארעי קודם: אלון מזרה, קדום), במ""א אשדות שומרון; שם סמלי.",2633,1980-06-10,10,right,77.6,88.9,קהילתי
ישובים,דַרים,איחוד הקבוצות והקיבוצים,193.257,"נ""צ 193.257, קיבוץ של תנועת איחוד הקבוצות והקיבוצים, בגליל (כינוי ארעי קודם: עמיעד ב'); על שם ההר הסמוך, שנקבע גם הוא לזכר הקדרים הידועים של בפר חנניה.",2633,1980-06-10,10,right,0,87.7,דַרים
ישובים,קורֶנית,האיחוד התקלאי,1740.2500,"נ""צ 1740.2500, מושב של תנועת האיחוד התקלאי, בגליל (בינוי ארעי קודם: שגב ה); על שם בן שית הגדל בבתות, בעיקר באזורים הרריים. הצמת פורת בקיץ, צבעו סגול, והוא עתיר צוף. העלים משמשים לתבלין.",2633,1980-06-10,10,right,47.6,88.2,קורֶנית
ישובים,קטורֶה,,1585.9814,"ג""צ 1585.9814. קיבוץ של איחוד הקבוצות והקיבוצים, בערבה, במ""א חבל אילות; השם מקראי,",2633,1980-06-10,10,right,36.5,83,קטורֶה
ישובים,. קטיף,המושבים הדתיים של הפועל המזרחי,0846.0874,"נ""צ 0846.0874, מושב של תנועת המושבים הדתיים של הפועל המזרחי, בחבל עזה (כינוי ארעי קודם: קטיף ב), במ""א חוף עזה: שם סמלי לחקלאות.",2633,1980-06-10,10,left,20.7,85.4,"נ""צ"
ישובים,ר ל ִיסְריֶה,,1415.2105,"נ""צ 1415.2105, שכונה עירונית בשרון הצפוני; על שם העיר העתיקה קיסרי.",2633,1980-06-10,10,left,12.1,79.7,ִיסְריֶה
ישובים,.קליה,איחוד הקבוצות והקיבוצים,1944.1286,"נ""צ 1944.1286, קיבוץ של תנועת איחוד הקבוצות והקיבוצים, בצפון מערב ים המלח (כינוי ארעי קודם: גח""ל קלי""ה), במ""א מגילות; על שם צמח אופייני לאזור הנזכר במסכת עירובין ד': ""מערבין בקליא.... בירקא דקליא"".",2633,1980-06-10,10,left,31.7,88.8,.קליה
ישובים,קצרין,,2150.2665,"נ""צ 2150.2665, עיר בגולן מועצה מקומית; על פי דמיון הצלילים לשם קסרין.",2633,1980-06-10,10,left,82.3,91.7,קצרין
ישובים,קרית אָרְבע,,181.108,"נ""צ 181.108, ישוב עירוני ביהודה; השם מקראי (יהושע י""ד, ט""ו; ב', ז').",2633,1980-06-10,10,left,34.2,79.8,אָרְבע
ישובים,קרית יעָרִים,,1597.1847,"נ'צ 1597.1847, ישוב עירוני ביהודה (כינוי ארעי קודם: טלז- סטון); השם מקראי (יהושע ט""ו, ט' וס'; שמואל א"", ו', כ""א).",2633,1980-06-10,10,left,42.5,84.3,נ'צ
ישובים,קרן,,2026.2774,"נ""צ 2026.2774. מרכז אזורי בגליל; על שם העצם הגיאוגרפי הסמוך.",2633,1980-06-10,10,left,77,90.7,בגליל;
ישובים,קרני שומרון,,1594.1756,"נ""צ 1594.1756, ישוב קהילתי בשומרון, במ""א אשדות שומרון; על פי צורת פני השטח הסמוך למקום היישוב.",2633,1980-06-10,10,left,43.4,87.9,"1594.1756,"
ישובים,קשת,המושבים הדתיים,2260.2665,"נ""צ 2260.2665, מושב שיתופי של תנועת המושבים הדתיים, הפועל המזרחי, בגולן, במ""א גולן; שם סמלי. ו",2633,1980-06-10,10,left,49.2,86.6,"2260.2665,"
ישובים,ראש צורים,הקיבוץ הדתי,162.120,"נ""צ 162.120, קיבוץ של תנועת הקיבוץ הדתי, הפועל המזרחי, בלהודה, במ""א גוש עציון; על שם היישוב עין צורים שנוסד בנקודה גיאוגרפית זן בשנת 1946; מקור השם במעין קטן המפכה בין צורים בתוך השטח.",2633,1980-06-10,10,left,33.3,88.3,זן
ישובים,רְביד,הקיבוץ המאוחד,1942.2505,"נ""צ 1942.2505, קיבוץ של תנועת הקיבוץ המאוחד, בגליל (בינוי ארעי קודם: הר רביד); על שם ההר הסמוך.",2633,1980-06-10,10,left,13.6,82.4,"1942.2505,"
ישובים,רומת חיב,,178.245,"נג""צ 178.245, ישוב ערבי בגליל התחתון, שניתן על שם החרבה הסמוכה ח' רומה ועל שם השבט הבדואי ערב אל חייב.",2633,1980-06-10,11,right,24,86.5,"נג""צ"
ישובים,רועי,,1966.1840,"נ""צ 1966.1840, היאחזות נת""ל בבקעה; השם סמלי, על פי דפסוק בישעיה ל""ח, י""ב: ""כאהל רועי"".",2633,1980-06-10,11,right,5.4,83.8,"נ""צ"
ישובים,ריחָן,,1630.2083,"נ""צ 1630.2083, מושב שיתופי של תגועת העובד הציוני, בשפלה הגבוהה (כיגוי ארעי קודם: מי עמי ב'), על שם צמח ריחני ומזכיר בצלילו את השם אם-""אדריחן הסמוך.",2633,1980-06-10,11,right,31.1,87,"אם-""אדריחן"
ישובים,רְמוּת,המושבים,251.1213,"נ""צ 251 1213, מושב של תנועת המושבים, במ""א גולן; מונח גיאו"" גרפי התואם למבנה הטופוגרפי של האזור.",2633,1980-06-10,11,right,21.4,84.6,"גיאו"""
ישובים,רמונים,,1824.1494,"נ""צ 1824.1494, היאחזות נח""ל במורדות דמזרחיים של הרי שומרון ויהודה; על שם פרי אופייני לאזור, ובן רניז על קרבה כל שהיא ליישוב עתיק בשם רמון, שהיה באזור.",2633,1980-06-10,11,right,35,85.8,"נ""צ"
ישובים,רְמַת-מַגֶשימים,המושבים הדתיים,250.226,"נ""צ 250 226, מושב שיתופי של תנועת המושבים הדתיים, הפועל המזרחי, בגולן, במ""א גולן; השם סמלי.",2633,1980-06-10,11,right,19.6,86.9,רְמַת-מַגֶשימים
ישובים,רקפת,,2511.1751,"ג""צ 2511 1751, כפר תעשייתי בגליל (כינוי ארעי קודם: עגב ו'); על שם צמח בר הגדל בנקיקי דסלעים, אופייני לאזור האמור.",2633,1980-06-10,11,right,0,86,ו');
ישובים,רתם,,191.198,"ג""צ 191 198, ישוב בבקעה (כינוי ארעי קודם: רועי ג), במ""א ערבות דירדן; על שם שיח בר ממשפחת הקטניות רמצוי באזור.",2633,1980-06-10,11,right,53.5,87.1,"ג),"
ישובים,רתָמים,רמושבים,1208.0508,"ג""צ 1208.0508, מושב, של תנועת רמושבים (כינוי ארעי קודם. אשלים ג), במ'א רמת הנגב; רתמים ריבוי של רתם, שם של שיח בר דגדל באזור.",2633,1980-06-10,11,right,28.9,87.1,רתָמים
ישובים,שגב,המושבים,174.252,"ג""צ 174.252, מושב של תנועת המושבים בגליל; שם סנמלי, שנקבע לנקודה גיאוגרפית זו עוד בשנת 1953.",2633,1980-06-10,11,right,23.5,85.4,"סנמלי,"
ישובים,שָדות,המושבים,0755.0690,"נ""צ 0755.0690. מושב של תנועת המושבים, בחבל ימית; שם סמלי לחקלאות.",2633,1980-06-10,11,right,42.7,84.5,"נ""צ"
ישובים,שָבי שומֶרון,,1075.1858,"נ""צ 1075.1858, ישוב קהנלתט-בשומרון, במ""א אשדות שומרון; שם סמלל,",2633,1980-06-10,11,left,0,66.9,שומֶרון
ישובים,שדה נִּצֶן,המושבים,0947.0712,"נ""צ 0947.0712, מושב של תנועת המושבים, בחבל הבשור, במ""א אשבול; השם סמלי לחקלאות.",2633,1980-06-10,11,left,31.2,85.3,נִּצֶן
ישובים,שיאון,,2975.2145,"נ""צ 2975 2145, היאחזות נח""ל בגולן; שם מקראי, נרדף לחרמון (דברים ד', מ""ח: *עד הר שיאון הוא חרמון"").",2633,1980-06-10,11,left,52,86.1,"מ""ח:"
ישובים,שילת,העובד הציוני,1525.1474,"נ""צ 1525.1474, מושב של תנועת העובד הציוני, בשפלה הגבוהה (כינוי ארעי קודם: חורון ב'), במ""א מטה בנימין; צליל עברי לשם עתיק. מניחים שהשם סילתה, המופיע בתרגום השבעים, מציין צורה עתיקה של שם ישוב שהשתמרה בשם הכפר שילתה.",2633,1980-06-10,11,left,30.9,86.6,שהשם
ישובים,שכַגיה,האיחוד התקלאי,2505.1735,"נ""צ 2505 1735, מושב של תנועת האיחוד התקלאי, בגליל (כיגוי ארעי קודם: שגב ב); על שם משמר הכהנים שכניה, שהיה בעיר כבול, בנחלת אשר, הסמוכה לאזור.",2633,1980-06-10,11,left,35.7,84.9,שכַגיה
ישובים,שלח,,2005.1947,"ג""צ 2005.1947, היאחזות נח""ל בבקעה, על שם צמח מדברי המצוי באזור. בשנים גשומות הוא יוצר מרבדים של צמחיה בצבעים סגולים וורודים הפרי בעל שני פרקים העשויים כעין ידית ולהב בדומה לחרב, ומכאן גם שמו.",2633,1980-06-10,11,left,19.1,86.9,באזור.
ישובים,שניר,הקיבוץ הארצי,2184.2908,"נ""צ 2184.2908, קיבוץ של תנועת הקיבוץ הארצי, בגולן (כינוי ארעי קודם: כפר משה שרת), במ""א גולן: השם מקראי, נרדף להרמון (דברים ג', ט': *צידונים יקראו לחרמון שריון והאמורי יקראו לו שניר"").",2633,1980-06-10,11,left,59,90,ט':
ישובים,שעל,החרות -,2171.2802,"נ""צ 2171,2802, מושב של משקי תנועת החרות - ביתר, בגולן (כינוי ארואָ קודם: קרחתה), במ""א גולן, שם סמלי,",2633,1980-06-10,11,left,44.3,87,ארואָ
ישובים,שָר-שלום,,176.273,"נ""צ 176.273, מצפור בגליל (כינוי ארעי קודם: הר שר שלום); על שם הרר הסמוך, מוזכר בישעיה ט"", ה'.",2633,1980-06-10,11,left,25.5,82.6,שָר-שלום
ישובים,תובל,איחוד הקבוצות והקיבוצים,2584.1783,"נ""צ 2584 1783, קיבוץ של תנועת איחוד הקבוצות והקיבוצים, בגליל (כינוי ארעי קוזם: תפן ב)'; שם סמלי, מוזכר בבראשית ד', כ""ב: ""תובל קין לוטש כל חרש גחשת וברזל"".",2633,1980-06-10,11,left,39.6,87.5,"1783,"
ישובים,תַלמי אליהו התש,,095.071,"נ""צ 095.071, מושב שיתופי של תֶנועת המושבים, בחבל הבשור, במ""א אשבול; על שמו של אליהו קראוזה ז""ל, מראשי ההתיישבות ומנהל בית הספר החקלאי ""מקוה ישראל"" במשך שנים רבות.",2633,1980-06-10,12,right,0,85.4,התש
ישובים,תלמי יוסף,המושבים,0790.0690,"נ""צ 0790.0690, מושב של תנועת המושבים בחבל ימית (כינוי ארעי קודם: רפיח ח); על שמו של יוסף ויץ ז""ל, מראשי הקק""ל, איש היער וממקימי ההתיישבות בהר.",2633,1980-06-10,12,right,83.1,91.3,"נ""צ"
ישובים,תמר,,19178.15825,"נ""צ 19178.15825, מושב של תנרעת המושבים, בבקעה (כינוי ארעי קודם: פצאל ב'), במ""א ערבות רירדן; על שם עצי התמרים.",2633,1980-06-10,12,right,47.6,87.3,ארעי
ישובים,תלדשבע,,1307.0740,"ג""צ 1307.0740, ישוב ערבי בקרבת בארהחשבע.",2633,1980-06-10,12,right,21.7,63.2,בארהחשבע.
ישובים,"סקואַ לה"" 6",,17174.11752,"נ""צ 17174.11752, ישוב ביהודה, במ""א גוש עציון; שם היסטורי, עיר בנחלת יהודה, דבהי""ב י""א, ו'.",2633,1980-06-10,12,left,43.3,82.7,"לה"""
ישובים,תרדיון,,1785.2525,"נ""צ 1785.2525, נירכז גושי בגליל (כינוי ארעי קודם: אזור תעשייה גוש שגב); על שם התנא חנינר בן תרדיון, מעשרה הרוגי מלכות, שחי בעיר סכנין הסמוכר.",2633,1980-06-10,12,left,0,80.2,"1785.2525,"
ישובים,"תַרסֶ""ג","החירות--בית""ר",0525.0675,"נ""צ 0525.0675, מושב של משקי תנועת החירות--בית""ר, בחבל ימית (כינוי ארעי קודם: חרובית); אזכור, רעיוגו של בנימין זאב הרצל ליישב את צפון מזרח סיני, אזור אל־עריש, בשנת 1904 -- תרס""ג.",2633,1980-06-10,12,left,0,87.1,"תַרסֶ""ג"
קווי דואר-נע,"ד""ג בקעת בית כרם",,,"קו דואר נע בגליל, משרת את היישובים מכפר יסיף שבמערב ועד כפר שמאי במזרח.",2633,1980-06-10,12,right,27.5,82.9,בקעת
קווי דואר-נע,ד'ב םבקאָה,,,משרת את כל יישובי בקעת הירדן.,2633,1980-06-10,12,right,6,76.3,ד'ב
קווי דואר-נע,"ד""ג חבלדימית",,,"משרת את יישובי חבל ימית מאזור אל עריש במערב ועד רפיח במזרח, מחולות חלוצד בדרום ועד הים בצפון; השם הקודם; ""צפון סיני"" בטל.",2633,1980-06-10,12,right,0.6,80.1,חבלדימית
קווי דואר-נע,"ד""ג חוף עַזֶה",,,"משרת את יישובי חבל עזה. ד""ג חפר משרת את משקי עמק חפר וסביבתו; השם ""ד""נ שומרון"" שנקבע בשגת 1955 בטל,",2633,1980-06-10,12,left,9.5,79.4,"שומרון"""
קווי דואר-נע,ריג עַרְבָה,,,"משרת את כל ישובי הערבה,",2633,1980-06-10,12,left,38,76.3,ריג
קווי דואר-נע,"ד""ג ים המלח",,,"משרת את'היישובים לאורך חופו הדרומי של ים המלח: נאות הכבכר, מפעלי ים המלח, נוה זוהר, רשת המלונות והאכסניות וקיבוץ עין גדי.",2633,1980-06-10,12,left,49.8,85.2,"הכבכר,"
אתרים היסטוריים,מצודת נמרוד,,2168.2955,"נ""צ 2168.2955, מצודה מתקופת מסעי הצלב.",2633,1980-06-10,12,right,86.1,90.4,הצלב.
אתרים היסטוריים,תל דותֶן,,1726.2021,"ב""צ 1726.2021, שם קודם: תל דות'ן.",2633,1980-06-10,12,right,37,79.9,דותֶן
אתרים היסטוריים,תל מברך,,2186.1454,"נ""צ 2186 1454, החלטת רוועדה מיום 19.6.55 בדבר השם גבעת מבורך בטלה.",2633,1980-06-10,12,right,64.7,84.8,19.6.55
אתרים היסטוריים,בית חורון עליון,,1610.14,"נ""צ 1610.14%6, שם מקראי.",2633,1980-06-10,12,left,52.2,83.4,"1610.14%6,"
אתרים היסטוריים,בית חורון תַחתון,,1580.1448,"נ""צ 1580.1448, שם מקראי,",2633,1980-06-10,12,left,34.1,75.8,"נ""צ"
אתרים היסטוריים,בית אל,,173.148,"נ""צ 173.148, שם מקראי.",2633,1980-06-10,12,left,90.9,92.3,"נ""צ"
אתרים היסטוריים,נרֶ,,1444.1905,"נ""צ 1444 1905, שרידי בית כנסת מתקופת בית שני; היישוב היחודי המשיך להתקיים במקום גם לאחר החורבן.",2633,1980-06-10,13,right,10.1,87.1,נרֶ
אתרים היסטוריים,חרבת בךכות,,1172.1646,"נ""צ 1172 1646, שם קודם: ח* בריכות, חרבה מהתקופה הביזנטית והערבית הקרובה",2633,1980-06-10,13,right,66.6,86.4,בךכות
אתרים היסטוריים,חרבת הורזקניז'ה,,184.125,"ב""צ 184.125, מבצר מימי בית שבגי.",2633,1980-06-10,13,right,47.3,79.4,הורזקניז'ה
אתרים היסטוריים,חרבת קדמךן,,193.197,"נ""צ 193.197, יישוב של כת מגילות יםדהמלח.",2633,1980-06-10,13,right,68.9,85.4,קדמךן
אתרים היסטוריים,גבעון,,1675.1879,"נ""צ 1675.1879, שם מקראי.",2633,1980-06-10,13,right,72.8,88.3,"1675.1879,"
אתרים היסטוריים,חרבת חֶליף,,1362.0886,"נ""צ 1362.0886, השם ח' תלה, שנקבע על ידי הוועדה ביום 27.1.52 בטל.",2633,1980-06-10,13,right,68.2,89.2,חֶליף
אתרים היסטוריים,תל חֶליף,,1874.0878,"נ""צ 1874.0878, שם קודם' תל חווילפה.",2633,1980-06-10,13,right,58.2,87.1,חֶליף
אתרים היסטוריים,חרבת תלֶה,,1875.0879,"נ""צ 1875.0879.",2633,1980-06-10,13,right,24.6,72.9,תלֶה
אתרים היסטוריים,חרבת סוסוא,,1597.0906,"נ""צ 1597.0906, יישוב מתקופת המשנה והתלמוד ובית כנסת עתיק.",2633,1980-06-10,13,right,63.5,87.4,סוסוא
אתרים היסטוריים,חרבת הֶרוּצָה,,1359.0352,"ג""צ 1359.0352, מצודה ויישוב מתקופת הברזל, בקרבת נחל הרועה.",2633,1980-06-10,13,right,35.9,86.5,הֶרוּצָה
אתרים היסטוריים,חרבת חלוקים,,1310.0435,"""צ 1310.0435, יישוב מתקופת הברזל והתקופה הרומית, כ""8 ק""מ מצפון לשדה""בוקר.",2633,1980-06-10,13,right,0,64.5,"""צ"
אתרים היסטוריים,חרבת חַצַצֶה,,1344.0441,"נ""צ 1344.0441, מבנה נבאטי סמוך למיפגש הנחלים הרועה וחצץ. בקרבת מקום מצויות טראסות חקלאיות ובורות מים חצובים (נ""צ 8 1348).",2633,1980-06-10,13,left,29.8,87.7,חַצַצֶה
אתרים היסטוריים,מצד מאגורֶה,,0407.1261,"נ""צ 0407 1261, חרבות מצודה קדומה שנבנתה בתקופת הברזל, והיתה בשימוש משני בתקופת הנבאטים.",2633,1980-06-10,13,left,11.3,85.7,מאגורֶה
אתרים היסטוריים,מצד חֶצבָה,,0244.1783,"נ""צ 0244 1783, מצד מהתקופה הרומית.",2633,1980-06-10,13,left,5.5,77.3,חֶצבָה
אתרים היסטוריים,מצודת חַתִירה,,1484.0454,"ב""צ 1484.0454, מצודה מתקופת הברזל.",2633,1980-06-10,13,left,33.2,80.9,חַתִירה
אתרים היסטוריים,מצד וֶרקְעֶם,,1594.0889,"נ""צ 1594.0889, שרידי מצודה רומית ליד עין ירקעם.",2633,1980-06-10,13,left,10.1,78.1,וֶרקְעֶם
אתרים היסטוריים,מצד סִיף,,1660.0297,"נ""צ 1660,0297, מצודה רומית על הדרך העתיקה בין מעלה עקרבים לנחל סיף.",2633,1980-06-10,13,left,46,88.7,סִיף
אתרים היסטוריים,מצד רפד,,0467.1490,"נ""צ 0467 1490, שרידי מצודה מנקופת הברזל, כד? ק""מ מצפון- מזרח לירוחם.",2633,1980-06-10,13,left,36.7,81.7,כד?
אתרים היסטוריים,מצד גרֶפון,,1389.0149,"נ'צ 1389.0149, שרידי מצד עתיק מהתקופה הנבאטית, על הדרך העתיקה בין עבדת ומכתש רמון, סמוך לנחל גרפון.",2633,1980-06-10,13,left,25.2,84.1,גרֶפון
אתרים היסטוריים,מצד מִחמָל,,1430.0109,"נ""צ 1430.0109, מצד מהתקופה הנבאטית בראש מעלה מחמל, במצוק הצפוני של מכתש רמון.",2633,1980-06-10,13,left,16.7,87.1,מִחמָל
אתרים היסטוריים,| חרנת #זװז־'ב'.,,1407.0164,"נ""צ 1407.0164, יישוב ומסגד מהתקופה הערבית הקדומה, סמוך לנחל שרב ומעלה שרב.",2633,1980-06-10,13,left,48.9,85.7,#זװז־'ב'.
שמורות טבע,נחל בצת,,175.275,"נ""צ. 175,275",2633,1980-06-10,14,right,4.2,60.2,"נ""צ."
שמורות טבע,רכפ סְלם-צור,,164.277,"נ""צ 164,277",2633,1980-06-10,14,right,2,45.5,סְלם-צור
שמורות טבע,נחל יחִיעָם,,172.206,"נ""צ 172,206",2633,1980-06-10,14,right,0,19.5,"נ""צ"
שמורות טבע,"נחֶל בית""הֶעמק",,174.202,"נ""צ. 174,202",2633,1980-06-10,14,right,20.6,45.1,נחֶל
שמורות טבע,נחַל עיון,,204.297,"ג""צ. 204.297",2633,1980-06-10,14,right,25.6,52.7,נחַל
שמורות טבע,נחַל שָניר,,208.293,"נ""צ 208.293",2633,1980-06-10,14,right,28.1,50.7,שָניר
שמורות טבע,תל-דֶן,,211.295,"נ""צ. 211.295",2633,1980-06-10,14,right,0,19.7,"נ""צ."
שמורות טבע,חֶרֶשַת טל,,211.91,"נ""צ 211.;91",2633,1980-06-10,14,right,0,59,חֶרֶשַת
שמורות טבע,!ו־זלכ רחום,,212.286,"נ""צ. 212.286",2633,1980-06-10,14,right,25.6,59.4,"נ""צ."
שמורות טבע,"עין""אלָה",,211.282,"נ""צ. 211282",2633,1980-06-10,14,right,0,8.3,"עין""אלָה"
שמורות טבע,חולָה,,207.278,"""צ 207278",2633,1980-06-10,14,right,0,27.7,"""צ"
שמורות טבע,צינֶן,,204.277,"נ""צ 204.277",2633,1980-06-10,14,right,9.9,59.9,צינֶן
שמורות טבע,עין-אַוְזִים,,203.284,"""צ 203.284",2633,1980-06-10,14,right,0,28.7,"""צ"
שמורות טבע,עין-תְאו,,203.282,"ב""צ 203.282",2633,1980-06-10,14,right,74.5,79,עין-תְאו
שמורות טבע,מצוקי רָמים,,202.290,"נ""צ 202.290",2633,1980-06-10,14,right,23.9,57.7,רָמים
שמורות טבע,"משגב*""עם",,203.295,"נ""צ 203.295 ""צ ו 200.291 מרגֶליות",2633,1980-06-10,14,right,0,51,"משגב*""עם"
שמורות טבע,הַר-מור,,201.287,"נ""צ 201.287",2633,1980-06-10,14,right,7.5,60.7,הַר-מור
שמורות טבע,נחַל דישון,,197.275,"""צ 197.275",2633,1980-06-10,14,right,5.8,50.9,"""צ"
שמורות טבע,"חרש בן""זמרה",,21,ב/”צ 21,2633,1980-06-10,14,right,33.4,56.1,21
שמורות טבע,מִצְרת פַּעַר,,186.271,"נ""צ 186.271",2633,1980-06-10,14,right,19.8,44.2,מִצְרת
שמורות טבע,הַר-מירון,,189.207,"נ""צ 189.207",2633,1980-06-10,14,right,60.9,67.5,הַר-מירון
שמורות טבע,נחל עמוד,,194.200,"נ""צ 194.200",2633,1980-06-10,14,right,12.5,64.6,"נ""צ"
שמורות טבע,סלע עכברה,,197.200,"ב""צ. 197.200",2633,1980-06-10,14,right,28.2,68.5,"ב""צ."
שמורות טבע,נחל שרך,,181.275,"נ""צ 181.275",2633,1980-06-10,14,left,22,46.5,181.275
שמורות טבע,עין נוטרָה,,210.276,"נ""צ 210.276 (עין א טינה)",2633,1980-06-10,14,left,19.8,74.5,נוטרָה
שמורות טבע,נחַל שוח,,212.275,"נ""צ 212.275 (ח"" אלהפג'ר)",2633,1980-06-10,14,left,15.7,48.3,"נ""צ"
שמורות טבע,"הַר""אַביטֶל",,225.280,"""צ 225.280",2633,1980-06-10,14,left,0,34.1,"הַר""אַביטֶל"
שמורות טבע,חרמון,,220.302,"נ""צ 220.302",2633,1980-06-10,14,left,12,54.6,חרמון
שמורות טבע,נחַל-שניר צפון,,208.298,"נ""צ 208.298",2633,1980-06-10,14,left,0,34.3,"נ""צ"
שמורות טבע,הַר-שיפון,,222.275,"נ""צ 222.275",2633,1980-06-10,14,left,33.2,48.7,הַר-שיפון
שמורות טבע,נחַל עורבים,,213.283,"""צ 213.283 ו",2633,1980-06-10,14,left,0,47.9,"""צ"
שמורות טבע,גלְבון,,212.272,"""צ 212.272 (נחל דבורה)",2633,1980-06-10,14,left,0,46,"""צ"
שמורות טבע,הַר-הפרס,,231.203,"נ""צ 231.203",2633,1980-06-10,14,left,44.9,63.1,הַר-הפרס
שמורות טבע,הַרהחרמונית,,225.287,"נ""צ 225.287",2633,1980-06-10,14,left,22.1,43.9,"נ""צ"
שמורות טבע,יער אדם,,291.291,"נ""צ 291.291",2633,1980-06-10,14,left,42.3,67.1,"נ""צ"
שמורות טבע,"בְּרְכַת בר""און",,222.284,"ב""צ 222.284",2633,1980-06-10,14,left,34.2,42.4,בְּרְכַת
שמורות טבע,אַו:־בי'ל,,197.247,"נ""צ 197.247",2633,1980-06-10,14,left,43.3,69.2,אַו:־בי'ל
שמורות טבע,חַרשת יְִעַלֶה,,200.232,"נ""צ. 200.232",2633,1980-06-10,14,left,5.9,35.6,יְִעַלֶה
שמורות טבע,מצפה אלות,,200.231,"נ""צ 200.231",2633,1980-06-10,14,left,38.7,65.3,"נ""צ"
שמורות טבע,נחַל תָבוּר,,197.225,"נ""צ 197.225",2633,1980-06-10,14,left,5.5,34.2,"נ""צ"
שמורות טבע,נוה*אור,,200.222,"נ""צ 200.222",2633,1980-06-10,14,left,57.1,73.5,נוה*אור
שמורות טבע,יער יהודיה,,215.258,"נ""צ 215.258",2633,1980-06-10,14,left,54.9,66.5,יער
שמורות טבע,גוב,,224.248,"נ""צ 224.248",2633,1980-06-10,14,left,40.1,57,גוב
שמורות טבע,אלי-עָל,,220.247,"""צ 220.247",2633,1980-06-10,14,left,0,48.7,"""צ"
שמורות טבע,מצוקי און,,211.240,"נ""צ 211,240",2633,1980-06-10,14,left,59.7,80.3,"נ""צ"
שמורות טבע,נחל מצר,,2185.288,"נ""צ. 2185.288",2633,1980-06-10,14,left,20.9,60.6,2185.288
שמורות טבע,ברְכֶת תַמְסֶח,,143.218,"נ""צ 143.218",2633,1980-06-10,15,right,9.5,40.1,תַמְסֶח
שמורות טבע,נחַל תנינים,,141.216,"נ""צ 141.216",2633,1980-06-10,15,right,47.8,60.6,"נ""צ"
שמורות טבע,יְער אַלונה,,148.216,"נ""צ 148.216",2633,1980-06-10,15,right,0,24.9,יְער
שמורות טבע,אלוני יצְחֶק,,180.212,"נ""צ. 180.212",2633,1980-06-10,15,right,27,54.7,יצְחֶק
שמורות טבע,אלון,,147.206,"""צ 147.206",2633,1980-06-10,15,right,6.4,55.1,"""צ"
שמורות טבע,יצר רִיחֶן,,209.162,"נ""צ. 209--162",2633,1980-06-10,15,right,8.2,53.3,"נ""צ."
שמורות טבע,בִיתַן אַהַרן,,1385.1972,"ב""צ 1385.1972",2633,1980-06-10,15,right,16.3,46.7,בִיתַן
שמורות טבע,הֶדסים,,138.187,"נ""צ 138.187",2633,1980-06-10,15,right,21.2,49.3,הֶדסים
שמורות טבע,תַל-יִצְחָק,,187.184,"נ""צ 187.184",2633,1980-06-10,15,right,0,37.3,תַל-יִצְחָק
שמורות טבע,שער פולג,,185.185,"נ""צ. 185.185 .",2633,1980-06-10,15,right,0,44.1,"נ""צ."
שמורות טבע,נחַל פולג,,134.185,"נ""צ 134.185",2633,1980-06-10,15,right,28.6,45.3,נחַל
שמורות טבע,בְּרְכָת געש,,134.181,"ב""צ 134.181",2633,1980-06-10,15,right,9.3,46.6,134.181
שמורות טבע,רכס חֶרוצים,,136.180,"נ""צ 136.180",2633,1980-06-10,15,right,43.4,69.6,חֶרוצים
שמורות טבע,עין-יהוּדָה,,197.208,"נ""צ 197.208",2633,1980-06-10,15,right,49.8,70.4,עין-יהוּדָה
שמורות טבע,תל-סַהרון,,201.206,"נ""צ. 201.206",2633,1980-06-10,15,right,12.9,24.7,"נ""צ."
שמורות טבע,הַגלבוע,,189.212,"נ""צ 189.212",2633,1980-06-10,15,right,33.6,44.5,הַגלבוע
שמורות טבע,גאון הַירדן חמַדִיָה,,202.213,"נ""צ 202.213",2633,1980-06-10,15,right,37.8,54,חמַדִיָה
שמורות טבע,גֶאון הַירדן מְעוז,,203.212,"נ""צ 203.212",2633,1980-06-10,15,right,0,54.1,גֶאון
שמורות טבע,גאון הַירדן כפר רופין,,203.207,"נ""צ 203.207",2633,1980-06-10,15,right,39.5,75.7,הַירדן
שמורות טבע,גאון הַירדן צפצפת םפךת,,203.209,"נ""צ 203.209",2633,1980-06-10,15,right,0,71.1,הַירדן
שמורות טבע,גאון הַירדן טירת צבי,,202.202,"ב""צ 202.202",2633,1980-06-10,15,right,0.5,69.2,הַירדן
שמורות טבע,עינות גבתרן,,137.140,"נ""צ 137.140",2633,1980-06-10,15,right,81.5,87.2,גבתרן
שמורות טבע,מצליח,,139.146,"נ""צ 139.146",2633,1980-06-10,15,right,19.9,46.2,"נ""צ"
שמורות טבע,מבוא אַשָדוד,,121.188,"נ""צ 121.188",2633,1980-06-10,15,left,24.9,63.9,אַשָדוד
שמורות טבע,חולות כרמיה,,108.111,"נ""צ 108.111",2633,1980-06-10,15,left,55.6,73.8,"נ""צ"
שמורות טבע,רכס גבַרְעְם,,112.109,"נ""צ 112.109",2633,1980-06-10,15,left,37,77.1,גבַרְעְם
שמורות טבע,רכס נִיר-עָם,,109.105,"נ""צ 109.105",2633,1980-06-10,15,left,41.7,76.6,נִיר-עָם
שמורות טבע,גבעות רְחָמָה,,119.101,"נ""צ 119.101",2633,1980-06-10,15,left,41.9,72.2,רְחָמָה
שמורות טבע,בתְרונות ןו;זב;?ה,,123.101,"נ""צ 123.101",2633,1980-06-10,15,left,53.1,62.9,ןו;זב;?ה
שמורות טבע,הַשיִרות,,154.134,"נ""צ 154.134",2633,1980-06-10,15,left,22.8,50.3,הַשיִרות
שמורות טבע,הַמסרק,,154.133,"נ""צ 154.133",2633,1980-06-10,15,left,51.9,73.7,הַמסרק
שמורות טבע,עיןהחמד,,162.133,"נ""צ 162.133",2633,1980-06-10,15,left,15.3,45.7,עיןהחמד
שמורות טבע,נחַל שורק,,155.129,"נ""צ. 155.129",2633,1980-06-10,15,left,25.8,55.8,"נ""צ."
שמורות טבע,הַר טיסים,,188.181,"נ""צ 188.181",2633,1980-06-10,15,left,17.3,55.6,הַר
שמורות טבע,חֶרבַּת סַעְֶדים,,162.188,"נ""צ 162.188",2633,1980-06-10,15,left,23.4,57.4,סַעְֶדים
שמורות טבע,מִערַת שורק,,152.128,"""צ 152.128",2633,1980-06-10,15,left,0,34.8,"""צ"
שמורות טבע,עינות צו'קים,,192.125,"נ""צ 192.125",2633,1980-06-10,15,left,74.8,86.4,צו'קים
שמורות טבע,עינות זקנה,,188.114,"נ""צ 188.114",2633,1980-06-10,15,left,41.7,73.8,188.114
שמורות טבע,נחל הבשור,,101.076,"נ""צ 101.076",2633,1980-06-10,15,left,43.7,69.4,"נ""צ"
שמורות טבע,בתרונות ?ארי,,101.095,"ב""צ 101.095",2633,1980-06-10,15,left,50.7,73.7,"ב""צ"
שמורות טבע,עין גדי,,185.096,"נ""צ 185.096",2633,1980-06-10,15,left,74.4,80.5,"נ""צ"
שמורות טבע,יטבתה,,154.918,"נ""צ 154.918",2633,1980-06-10,15,left,79.9,84.2,"נ""צ"
שמורות טבע,אַלמני אילת,,141.879,"""צ 141.879",2633,1980-06-10,15,left,4.7,59,"""צ"
עצמים גיאוגרפיים,נחל אָל־אָל,,228.258,"תחילתו בנ""צ 228.258, נכנס לנחל סמך בנ""צ 2173.2491.",2633,1980-06-10,16,right,62.4,84.9,אָל־אָל
עצמים גיאוגרפיים,נחל גובתָה,,222.400,"תחילתו בנ""צ 222.400 בגובה 2000 מ', עובר את הכפר נוה אטי""ב, יורד מצפון למבצר נמרוד, נכנס לנחל חרמון ליד בניאס.",2633,1980-06-10,16,right,50,87,גובתָה
עצמים גיאוגרפיים,נחל גֶלבון,,222.277,"תחילתו בנ""צ 222.277 (לרגלי מושב אור""טל), נשפך לעמק חולה בנ""צ 209.271, במהלכן מצוי מסל גלבון, הגבוה במפלי ישראל.",2633,1980-06-10,16,right,0,82.1,גֶלבון
עצמים גיאוגרפיים,נחל. גלשון,,215.296,"תחילתו בנ""צ 215.296, נכנס לנחל גובתה בנ""צ 2166.2957, זהו אפיק קטן, מצוקי ותלול, עשיר בצמחיה סכובה.",2633,1980-06-10,16,right,31.3,86.8,נחל.
עצמים גיאוגרפיים,נתל דליות,,229.961,"ראשיתו ליד הר פרס, נ""צ 229,961, נכנס לכגרת בנ""צ 209.254 (עובר ליד גמלא).",2633,1980-06-10,16,right,0,79.6,דליות
עצמים גיאוגרפיים,נחל. זְבְדִים,,215.999,"תחילתו בנ""צ 215.999 ליד הכפר רמתא. יורד לדרום, עובר ליד הכפר מזרעת זבדין ונכנס לנחל שיאון בנ""צ 2182.2968.",2633,1980-06-10,16,right,34,82.5,נחל.
עצמים גיאוגרפיים,נחל צ' זֶויתָן,,223.269,"תחילתו בנג""צ 223.269, נכנם לנחל משושים בנ""צ 2132.2592.",2633,1980-06-10,16,right,2.8,65.8,זֶויתָן
עצמים גיאוגרפיים,בתל חור,,219.296,"תחילתו ממערב למג'דל שמס בנ""צ 219.296, נכנס לנחל גובתה בנ""צ 2175.9957.",2633,1980-06-10,16,right,21.4,83,חור
עצמים גיאוגרפיים,נחל יהודֶיה,,229.272,"תחילתו בנ""צ 229.272, נכנס לכנרת בנ""צ 208.255, חוצה בדרכו את יער יהודיה.",2633,1980-06-10,16,right,20.1,81.6,יהודֶיה
עצמים גיאוגרפיים,מל כְֶף,,224.856,"תחילתו ליד הכפר. מזרעת קוניטרה בנ""צ 224.856, נכנס לכנרת בנ""צ 210.251.",2633,1980-06-10,16,right,27.9,71.8,לכנרת
עצמים גיאוגרפיים,נחל מצר,,,-יגמיג,2633,1980-06-10,16,right,46.5,68.1,-יגמיג
עצמים גיאוגרפיים,נחל| נוב,,227.284,"תחילתו בנ""צ 227.284, נכנס לנחל רקד בנ""צ 223.242.",2633,1980-06-10,16,left,3.6,80.1,נחל|
עצמים גיאוגרפיים,נחל ‏ מששים (משושים),,223.277,"תחילתו בנ""צ 223.277, נשפך לבקעת בית ציידה בנ""צ 2085-2552.",2633,1980-06-10,16,left,31.3,80.9,נחל ‏
עצמים גיאוגרפיים,נח? סער,,225.800,"תחילתי בנ""צ 225.800 במורדות החרמון, נכנס לנחל חרמון בנ""צ 4. מצלין את הגבול בין הגולן הבזלתי והתרמון.",2633,1980-06-10,16,left,39.3,82.8,מצלין
עצמים גיאוגרפיים,מל סְמֶך,,230.258,"תחילתו בנ""צ 230.258, נשפך לכגרת בנ""צ 210.248.",2633,1980-06-10,16,left,40.5,78.3,סְמֶך
עצמים גיאוגרפיים,נחל סנָאים,,218.297,"תחילתו בנ""צ 218.297 מצפון לנ""ג 1146, יורד מערבה, נכגם לנחל שיאון בנ""צ 2163.2980, באפיק נתגלו בעלי חיים נדירים וביניהם הסנאי הזהוב.",2633,1980-06-10,16,left,39.9,87.1,סנָאים
עצמים גיאוגרפיים,נמל עַרְעָר,,221.291,"תחילתו בנ""צ 221.291, עובר את בקעת מן, נכנס לנחל שיאון בנ""צ 8, זהו אפיק תלול, עשיר בצומת טיפוסי של החרמון; אלונים ובייחוד ערערים,",2633,1980-06-10,16,left,41.8,82.2,עַרְעָר
עצמים גיאוגרפיים,נחל ‏ פרע,,216.291,"תחילתו בנ'""צ 216.291, נכנס לנתל חרמון בג""צ 2136.2934.",2633,1980-06-10,16,left,28.4,64.3,לנתל
עצמים גיאוגרפיים,נתל רקד,,230.288,"תחילתו בנ""צ 230.288, נכנס לירמוך כ107 ק""מ מצפון*מזרח לחמת גדר בנ""צ 221,238. נחל זה מנקז את מזרח הגולן לכל אורכו.",2633,1980-06-10,16,left,58.5,85.3,מצפון*מזרח
עצמים גיאוגרפיים,נחל שִיאון,,224.803,"תחילתו בנ""צ 224.803 כ""7 ק""מ מצפון למג'דל שאמס, נכנם לנחל חרמון מצפון לשארדישוב בנ""צ 2119.2928.",2633,1980-06-10,16,left,19.2,79.5,לשארדישוב
עצמים גיאוגרפיים,הר אביטל,,224.279,"נ""צ 224.279, נ""ג 1204 מ'.",2633,1980-06-10,16,left,61.6,81.7,"נ""ג"
עצמים גיאוגרפיים,הר אַגָס,,2185.800,"נ""צ 2185.800, נ""ג 1352 מ'. במקום גדלים אגסי בר.",2633,1980-06-10,16,left,45.7,78.1,"2185.800,"
עצמים גיאוגרפיים,הר אדם,,,,2633,1980-06-10,16,left,90.4,92.8,אדם
עצמים גיאוגרפיים,הר בְוְְמרָה,,195.271,"נ""צ 195.271, השם ""הר אדמון"", שנקבע ביום 80.11.52 בטל.",2633,1980-06-10,17,right,11.1,76.2,בְוְְמרָה
עצמים גיאוגרפיים,הר בנְטֶל,,223.281,"נ""צ 223.281, נ""ג 1165 מ'.",2633,1980-06-10,17,right,0,62.8,בנְטֶל
עצמים גיאוגרפיים,הר ;ראװ,,223.284,"נ""צ 223,284, נ""ג 1056 מ'.",2633,1980-06-10,17,right,32.7,74.4,"223,284,"
עצמים גיאוגרפיים,הר םבפךים,,216.299,"נ""צ 216.299, נ""ג 1296 מ'.",2633,1980-06-10,17,right,65,85.9,םבפךים
עצמים גיאוגרפיים,הר וַרדָה,,,"נ""צל 224.290, נ""ג 1226 מ'.",2633,1980-06-10,17,right,32.8,69.2,וַרדָה
עצמים גיאוגרפיים,הר חרמונית,,224.287,"ב""צ 224.287, ב""ג 1211 מ'.",2633,1980-06-10,17,right,26.9,70.1,"ב""צ"
עצמים גיאוגרפיים,הר. יוסיסון,,224.273,"נ""צ 224,273, נ""ג 981 מ"".",2633,1980-06-10,17,right,48,69.4,יוסיסון
עצמים גיאוגרפיים,הר כַּחָל,,218.298,"נב""צ 218.298, נג""ג 1411 מ*",2633,1980-06-10,17,right,27.6,74.4,כַּחָל
עצמים גיאוגרפיים,הר כרָמִים,,222.201,"ב""צ 222.201, ב""ג 1190 מ"".",2633,1980-06-10,17,right,37.8,63.3,"ב""ג"
עצמים גיאוגרפיים,הר פרס,,281.264,"נ""צ 281.264, ג""ג 929 מ',",2633,1980-06-10,17,right,70.8,86.1,"מ',"
עצמים גיאוגרפיים,הר זרם,,284.223,"נ""צ 284 223, נ""ג 1182 מ'.",2633,1980-06-10,17,right,33.5,78,מ'.
עצמים גיאוגרפיים,הר ש”פו־ן,,275.222,"נ""צ 275 222, נ'יג 977 מ"", עליו גדל בר שיפון ההרים, שאינו מ צוי ממערב לירדן.",2633,1980-06-10,17,right,43.3,87.2,"מ"","
עצמים גיאוגרפיים,שלוחת שריון,,2100.2995,"שלוחה בין נחל שיאון לואדי אל מע'ר. על שלותה זו מצויים הר אגס בנ""יצ 2157.8006, והר הבתרים נ""צ 2100.2995.",2633,1980-06-10,17,right,14.4,83.3,"בנ""יצ"
עצמים גיאוגרפיים,גבעת אור!;זה,,230.259,"נ""צ 230.259, לרגלי הגבעה חאן גדול מתקופת הטורקים.",2633,1980-06-10,17,right,63.2,88,אור!;זה
עצמים גיאוגרפיים,גבעטת ;;ק,,221.257,"נ""צ 221.257, נ""ג 498 מ"".",2633,1980-06-10,17,left,0,64,גבעטת
עצמים גיאוגרפיים,גבעת חזק,,229.274,"נ""צ 229.274, שם קודם: תל חזיקה.",2633,1980-06-10,17,left,86.1,91.1,חזק
עצמים גיאוגרפיים,גבעת חֶמרֶה,,2958.2144,"נ""צ 2958 2144.",2633,1980-06-10,17,left,27,70,חֶמרֶה
עצמים גיאוגרפיים,גבעת טַליה,,226.265,"נ""צ 226.265, שם קודם: תל""אדטליע,",2633,1980-06-10,17,left,9.1,69.7,"תל""אדטליע,"
עצמים גיאוגרפיים,גבעת ;טור,,,"נ"" 220.252, נ""ג 455 מ'.",2633,1980-06-10,17,left,0,64.2,"נ"""
עצמים גיאוגרפיים,גבעת כַּזרֶה,,228.208,"נ""צ 228.208, נ""ג 874 מ.",2633,1980-06-10,17,left,32.3,61.8,מ.
עצמים גיאוגרפיים,עמק בולעַן,,224.801,"נ""צ 224.801, קבוצת דולינות גדולות היוצרות עמק נרחב ויפה, מכוסה שלגים,",2633,1980-06-10,17,left,7.7,75.4,בולעַן
עצמים גיאוגרפיים,עמק דבדבן,,223.301,"נ""צ 223.301, עמק קטן בשטח חלקה השופע שיחי דובדבן.",2633,1980-06-10,17,left,58.8,86.4,"223.301,"
עצמים גיאוגרפיים,עמק הָאשחֶר,,8012.2287,"נ""צ 8012 2287, דולינה, שבה גדל עץ האשחר.",2633,1980-06-10,17,left,42.3,83.3,הָאשחֶר
עצמים גיאוגרפיים,עמק שנונים,,891.216,"נ""צ 891 216, עמק טרשים, שבמרכזו בריכה",2633,1980-06-10,17,left,70.1,86.2,891
עצמים גיאוגרפיים,ברכת. הַמששים (המשושים),,212.260,"נ""צ 212.260, בריכה בתוך נחל המשושים.",2633,1980-06-10,17,left,33.4,81.2,הַמששים
עצמים גיאוגרפיים,ברכת ‏ חפור,,2181.2973,"ב""צ 2181.2973.",2633,1980-06-10,17,left,37.7,56.7,"ב""צ"
עצמים גיאוגרפיים,ברכת יבוֹןז,,220.299,"נ""צ 220,299, במרכז בקעת מן.",2633,1980-06-10,17,left,58.2,82.4,יבוֹןז
עצמים גיאוגרפיים,ברכת נקר,,219.303,"נ""צ 219.303, נקר שם של עוף מצוי. זוהי בריכה עונתית, הנמצאת בעמק השופע תפוחים ובוסתנים, השם הקודם: ברכת נקר.",2633,1980-06-10,17,left,8.8,86.3,"219.303,"
עצמים גיאוגרפיים,ברכת ךם,,222.293,"נ*צ 222.293, שם קודם: ברכת רם, הגדולה בבריכות הגולן.",2633,1980-06-10,18,right,34.2,77.9,הגולן.
עצמים גיאוגרפיים,ברכת| שנונים,,216.891,"ג""צ 216.891, נמצאת במרכז עמק שנונים.",2633,1980-06-10,18,right,0,60.3,ברכת|
עצמים גיאוגרפיים,מפל גִלְבון,,2117.2718,"נ""צ 2117.2718, מפל מים כנחל גלבון, רגבוה במפלי רגולן.",2633,1980-06-10,18,right,11.1,81,גִלְבון
עצמים גיאוגרפיים,מפל ךבו'ךה,,2127.2722,"נ""צ 2127.2722, מפל מים בנחל גלבון.",2633,1980-06-10,18,right,60.2,82.2,"2127.2722,"
עצמים גיאוגרפיים,המפל הַלְבֶן,,2203.2476,"נ""צ 2203.2476, מפל מים בנחל אל""על.",2633,1980-06-10,18,right,46.1,79.8,הַלְבֶן
עצמים גיאוגרפיים,מפל זֶויתַן,,214.264,"נ""צ 214.264, מפל מים בנחל, זויתן.",2633,1980-06-10,18,right,0,74.9,זֶויתַן
עצמים גיאוגרפיים,מפל סַעַר,,216.293,"נ""צ 216.293, מפל מים בנחל סער,",2633,1980-06-10,18,right,85.8,90,סַעַר
עצמים גיאוגרפיים,מפל רסיסים,,219.292,"נ""צ 219.292, מפל בנחל סער.",2633,1980-06-10,18,right,80.2,87.4,"נ""צ"
עצמים גיאוגרפיים,עין פמיאס,,215.294,"נ""צ 215.294, שם קודם: עין בניאס, שם היסטורי.",2633,1980-06-10,18,right,79.8,87.9,פמיאס
עצמים גיאוגרפיים,עינות קשיון,,187.229,"נ""צ 187.229, מעינות ליד תל קשיון, לרגלי הר תבור.",2633,1980-06-10,18,right,69.5,87.6,עינות
עצמים גיאוגרפיים,מצפה אֶפק,,215.242,"נ""צ 215.242, תצפית מערבה מאפיק.",2633,1980-06-10,18,right,0,71.2,אֶפק
עצמים גיאוגרפיים,מצפה בוֹלאָן,,224.400,"נ""צ 224.400, ג""ג 1900 מ', לציון חבולענים (דולינות) הרבים שבאזור.",2633,1980-06-10,18,right,54,82.4,"מ',"
עצמים גיאוגרפיים,מצפה ;דו'ת,,210.208,"ב*צ 210,208, כ""ם.1 ק""מ ממזרח לגדות.",2633,1980-06-10,18,right,51,72,ממזרח
עצמים גיאוגרפיים,מצפה ד גוְלְנִי,,214.292,"נ""צ 214.292, שם קודם: תל פאחר.",2633,1980-06-10,18,left,22.9,79.2,גוְלְנִי
עצמים גיאוגרפיים,מצפה םאו־ן,,221.237,"נ""צ 221,237.",2633,1980-06-10,18,left,55.8,73.5,"221,237."
עצמים גיאוגרפיים,מצפה שלְגִים,,225.802,"נ""צ 225.802, נ""ג 2224 מ' (הנקודה המזרחית ביותר בחרמון).",2633,1980-06-10,18,left,23,77.7,שלְגִים
עצמים גיאוגרפיים,בקעת יעפור,,222.994,"נ""צ 222,994, בקעה ליד מסעדה.",2633,1980-06-10,18,left,37,83.1,"222,994,"
עצמים גיאוגרפיים,בקעת מֶן,,220.299,"נ""צ 220.299, בגובה 1400 מ'. זוהי דולינת התמוטטות, המהווה כעין התרחבות של יובל מנחל שיאון. במרכזה בריכת מן, המחזיקה מים כמעט כל הקיץ ומשמשת להשקיית עדרים.",2633,1980-06-10,18,left,61.8,89.9,מֶן
עצמים גיאוגרפיים,אַלוני שיאון,,2177.2996,"נ*""צ 2177.2996, כד40 אלוגים במפגש נחל שיאון ונחל ערער.",2633,1980-06-10,18,left,26.1,77.2,אַלוני
עצמים גיאוגרפיים,כתף חרמון,,225.402,"חלקו המזרחי של החרמון, המתחיל מנ""צ 225.402 עד ג""צ 217.297.",2633,1980-06-10,18,left,65.1,86.1,225.402
עצמים גיאוגרפיים,כתף שִיאון,,217.304,"חלקו המערבי של החרמון, המתחיל מג""צ 217.304 עד לנ""צ 214.299",2633,1980-06-10,18,left,25.6,72.9,שִיאון
עצמים גיאוגרפיים,נחל טַלִימון,,153.225,"תחילתו בנ""צ 153.225 עד לנ""צ 148.222, ע""ש הגבעות הסמוכות \בנ""צ 148.223.",2633,1980-06-10,18,left,23.1,84.3,טַלִימון
עצמים גיאוגרפיים,באר '־'ע\;ין,,170.255,"נ*צ 170.255. ההחלטה בדבר השם באר נעיאל, דו""ח מליאה מס' 2, מלום 26,9.67 בטלה.",2633,1980-06-10,18,left,55.4,83.6,'־'ע\;ין
עצמים גיאוגרפיים,עין שור,,166.228,"נ""צ 166.228, מעין לרגלי תל שור, מצפון מערב לכפר""ברוך.",2633,1980-06-10,18,left,56.5,87.7,"לכפר""ברוך."
עצמים גיאוגרפיים,נחל הַגֶדִיב,,145.218,"תחילתו בנ""צ 145.218, עד לנ""צ 1440.2183, יורד מגן הנדיב עד לפתח מערת כברה.",2633,1980-06-10,18,left,15.6,82,הַגֶדִיב
עצמים גיאוגרפיים,עין חָנְָה י ח₪ +,,144.218,"ג""צ 144.218, השם הקודם: עין חמסח בטל.",2633,1980-06-10,19,right,0,70,חָנְָה
עצמים גיאוגרפיים,נחל דד כברה,,145.218,"תחילתו בנ""צ 145.218 עד לנ""צ 144.218, יורד מבית ההבראה ""רמז"" בזכרון""יעקב עד לפתח מערת כברה.",2633,1980-06-10,19,right,53.3,87.5,"בזכרון""יעקב"
עצמים גיאוגרפיים,נחל ת??פח,,144.217,"תחילתו בנ""צ 144.217 ער לנ""צ 143.217, יורד מרמת הנדיב עד לעיינות תמסח.",2633,1980-06-10,19,right,11.9,80.8,תמסח.
עצמים גיאוגרפיים,עינות תמפח,,143.217,"נ""צ 143.217. השם הקורדם: עיינות חנגיה בטל.",2633,1980-06-10,19,right,41.8,76.6,הקורדם:
עצמים גיאוגרפיים,נחל תראָה,,182.188,"תחילתו בנ""צ 182.188, נשפך לירדן בנ""צ 199.161. שם קודס: ואדי אל פרעה. ע""ש העיר המקראית תרצה, המזותה ליד מקורות הגחל.",2633,1980-06-10,19,right,57.2,87.8,תראָה
עצמים גיאוגרפיים,נחל אוג,,173.135,"תחילתו ממזרח להר הצופים בנ""צ 173.135, גשפך לים המלה בנ""צ 8 על שם צמח האוג הקוצני הגדל במצוקי מדבר יהודה, ממזרח להר הצופים עד ים המלח.",2633,1980-06-10,19,right,34.9,85.7,נחל
עצמים גיאוגרפיים,נחל אגוז,,172.133,"תחילתו בג""צ 172.133, נכנס לגחל קדרון בנ""צ 172.132.",2633,1980-06-10,19,right,39.9,82.8,נחל
עצמים גיאוגרפיים,רכס בית*גילה,,166.125,"נ*צ 166.125 עד נ""צ 164.120.",2633,1980-06-10,19,right,12.8,70.9,בית*גילה
עצמים גיאוגרפיים,נחל בית גילה,,167.125,"תחילתו בנ""צ 167.125 עד לנ""צ 166.127, עובר מצפון לרכס בית גלה. השם הקודם: גחל גלה בטל.",2633,1980-06-10,19,right,33.5,81.7,בטל.
עצמים גיאוגרפיים,נמל גורפן,,176.124,"תחילתו בנ""צ 176.124, נכנס לנהל קדרון בנ""צ 186.121.",2633,1980-06-10,19,right,20.9,73.4,גורפן
עצמים גיאוגרפיים,גחל דַרְגֶה,,171.127,"תחילתו בג""צ 171.127, נשפך לים המלח בנ""צ 189.108. השם הקודם ואדי דרג'ה שונה תחילה לנחל דרגות ועתה לנחל דרגה.",2633,1980-06-10,19,right,35.5,87.2,דַרְגֶה
עצמים גיאוגרפיים,"בקעת הוךזקו,'.:ה",,,"נ""צ מרכזי 187.128.",2633,1980-06-10,19,left,50.3,76.4,"הוךזקו,'.:ה"
עצמים גיאוגרפיים,גבעת הַמְטוס,,169.127,"נ""צ 169.127, גבעה ממערב למנזר מר אליאם, עליה מצבה לזכרו של טייס שהתרסק עם מטוסו במלחמת ששת הימים.",2633,1980-06-10,19,left,27.9,83.4,"אליאם,"
עצמים גיאוגרפיים,מעגנית הָמלֶח,,198.181,"נ""צ 198.181, חצי אי בצפון ים המלה, שימש כמעגן בעת גיאות פני הים. שמו הקודם: רג'מ אל בחר, איגו קיים עוד עקב ירידת מפלס ים המלח.",2633,1980-06-10,19,left,24.8,86.6,הָמלֶח
עצמים גיאוגרפיים,נחל חצצון,,172.110,"תחילתו בנ""צ 172.110, נשפך לים המלח בנ""צ 188.106. שמו הקודם: ואדי חצצה.",2633,1980-06-10,19,left,0,82.3,נחל
עצמים גיאוגרפיים,מצפה מורֶיָה,,173.142,"נ""צ 173.142, המצפה ליד מלון אינטרקונטיננטל על הר הזיתים, ממנו נראים העיר העתיקה והר הבית.",2633,1980-06-10,19,left,16.9,86.3,מורֶיָה
עצמים גיאוגרפיים,גחל סְבְכֶה,,184.126,"תחילתו בנ""צ 184.126 נכנס לגחל קומרן בג""צ 191.127.",2633,1980-06-10,19,left,38.5,77.3,סְבְכֶה
עצמים גיאוגרפיים,נחל פר;?ר,,185.113,"תחילתו בנ""צ 185.113 נכנס ליס המלח ליד עינות סמר בנ""צ 188,112.",2633,1980-06-10,19,left,53.9,86.4,פר;?ר
עצמים גיאוגרפיים,עינות פכז?ר,,,"ג""צ מרכזי 189.113, על שם צמה נפוץ באזור הנביעות.",2633,1980-06-10,19,left,44.5,81.1,צמה
עצמים גיאוגרפיים,גחל אָמוס,,170.115,"החילתו בנ""צ 170.115, מזרהח לח' תקוע, נכנס לנחל תקוע בנ""צ 9.",2633,1980-06-10,19,left,24.5,75.3,החילתו
עצמים גיאוגרפיים,ראש צוקים,,192.123,"נ""צ 192.123, שם קודם;: ראס פשחה.",2633,1980-06-10,19,left,60.6,85.6,קודם;:
עצמים גיאוגרפיים,עינות צרקי'ם,,,"נ""צ מרכזי 193.124 קבוצת מעיינות גפרית ומעינות מים מתוקים.",2633,1980-06-10,19,left,67.7,89.4,צרקי'ם
עצמים גיאוגרפיים,נחל קךרװ,,171.433,"תחילתו בג""צ 171.433, נשפך לים המלח בנ""צ 192.119.",2633,1980-06-10,19,left,33.8,83.1,"בנ""צ"
עצמים גיאוגרפיים,מצפה קדם,,185.101,"נ""צ 185.101, שם קודם: ראס אל מוקדם.",2633,1980-06-10,20,right,86.7,91.7,קדם
עצמים גיאוגרפיים,גחל קדם,,183.102,"4 תתילתן בנ""צ 183.102, נשפך לים המלח בנ""צ 187.102 (מצפון למצפה קדם).",2633,1980-06-10,20,right,43.7,88.8,תתילתן
עצמים גיאוגרפיים,עין קדם,,187.102,"נ""צ 187.102, מעינות גפרית חמים סמוכים לשפך נחל קדם.",2633,1980-06-10,20,right,86.4,91.7,קדם
עצמים גיאוגרפיים,נחל קומרֶן,,183.127,"תתילתר בנ""צ 183.127, נשפך לים המלח בנ""צ 194.126.",2633,1980-06-10,20,right,14.6,76,קומרֶן
עצמים גיאוגרפיים,עינות קומךן,,,"קבוצה גדולה של נביעות מדרום לח' קומרן, אשר היוו את מקור המים של ח' קמרון. הנביעות מצויות בין קואור' רוחב 126 1277 וקואור' אורך 193 וד194.",2633,1980-06-10,20,right,14.6,83.7,1277
עצמים גיאוגרפיים,עינות :קנה,,189.114,"נ""צ 189.114 מרכזי (לחוף ים המלח) על שם צמח הקנה המצוי במקום.",2633,1980-06-10,20,right,55.4,89.2,:קנה
עצמים גיאוגרפיים,נחל קנה,,185.114,"תחילתו בנ""צ 185.114, נשפך לים המלח מצפון לעינות קנה בנ""צ 5.₪",2633,1980-06-10,20,right,59.5,86.5,5.₪
עצמים גיאוגרפיים,רמת תלפיות,,172.129,"שטח רמתי המשתרע מתלפיות עד ארמון הנציב, שם קודם: ראס מוכבר. נ""צ 172.129.",2633,1980-06-10,20,right,67.6,89.9,"נ""צ"
עצמים גיאוגרפיים,שלוחת רְפָאים,,169.126,"נ""צ 169.126 עד 186.127.",2633,1980-06-10,20,right,19.1,72.1,רְפָאים
עצמים גיאוגרפיים,הר שמואל,,167.188,"נ""צ 167.188.",2633,1980-06-10,20,right,27.7,70.9,167.188.
עצמים גיאוגרפיים,עינות תנור,,,"קבוצה גדולה של נביעות, נ""צ מרבזי 193.125.",2633,1980-06-10,20,right,31.3,76.1,תנור
עצמים גיאוגרפיים,נחל תקוע,,167.122,"תחילתו בנ""צ 167.122, נכנס לנחל דרגה בנ""צ 185.110.",2633,1980-06-10,20,right,51.4,86.1,נכנס
עצמים גיאוגרפיים,| מצפה מךךג,,173.094,"נ""צ 173.094, שם קדדפ: חישם אום-דרג'.",2633,1980-06-10,20,left,16.3,65.5,חישם
עצמים גיאוגרפיים,נחל חָוְרִים,,125.026,"תחילתר בנ""צ 125.026, נשפך לנחל צין בנ""צ 128.028.",2633,1980-06-10,20,left,46.3,81.8,חָוְרִים
עצמים גיאוגרפיים,נחל מִצָרִים,,148.024,"תחילתו בנ""צ 148.024, נשפך לנחל הרועה. בנ""צ 135.035.",2633,1980-06-10,20,left,29.3,83.9,"148.024,"
עצמים גיאוגרפיים,נחל נוקד,,182.045,"תחילתו בנ""צ 182.045, נשפך לנחל בוקר בנ""צ 128.035.",2633,1980-06-10,20,left,35.1,83,"182.045,"
עצמים גיאוגרפיים,קין עְקב,,182.027,"נ""צ 182.027, ב""ג 444, פסגה מחודדת מאוד בקצה השלוחה הסוגרת על נחל עקב.",2633,1980-06-10,20,left,0,84.2,עְקב
עצמים גיאוגרפיים,הר צַרור,,132.0800,"נ""צ 132.0800, גבעת שפסנתה השטוחה בגוייה מאבן צור.",2633,1980-06-10,20,left,40.2,79.6,"132.0800,"
עצמים גיאוגרפיים,מעלה אשָלים,,181.082,"תזילתו בנ""צ 181.082 וראשו בנ""צ 181.053.",2633,1980-06-10,20,left,47,75.8,"בנ""צ"
עצמים גיאוגרפיים,עין גדרון,,1764.0221,"נ""צ 1764.0221, מעין באפיק נחל גדרון, מצפון""מזרח למושב חצבה",2633,1980-06-10,20,left,52.2,84.4,"מצפון""מזרח"
עצמים גיאוגרפיים,גבי כ%רס,,177.046,"נ""צ, 177.046, קבוצת גבי מים בתוך הנקיק הלבן של נחל פרס.",2633,1980-06-10,20,left,49.1,88.2,כ%רס
עצמים גיאוגרפיים,עין אָפית,,171.048,"נ""צ 171.048, מעין בנחל צפית.",2633,1980-06-10,20,left,66.5,84.8,אָפית
עצמים גיאוגרפיים,מעלה ז;קל”ם,,1439.0015,"מנ""צ 1439.0015 עד 1453.0014.",2633,1980-06-10,20,left,58,75.5,ז;קל”ם
עצמים גיאוגרפיים,י חַוֶה,,140.015,"נ""צ 140.015, גבי מים גדולים היוצרים בריכות המלאות מים כל השנה. הגבים נמצאים בתחתית קניון רב רושם של נחל חוה.",2633,1980-06-10,20,left,16.5,84.8,י
עצמים גיאוגרפיים,עק'!]טז,,142.015,"נ""צ 142.015, מעיין באפיק נחל חוה.",2633,1980-06-10,21,right,52.8,85.7,עק'!]טז
עצמים גיאוגרפיים,מעלה מִחמָל,,143.011,"מנ""צ 143.011 עד לנ""צ 143.011.",2633,1980-06-10,21,right,19.9,79,מִחמָל
עצמים גיאוגרפיים,שער ךמון,,1439.0013,"ב""צ 1439.0013, הגחל יוצר *שער"" בעוברו את המצוק הסוור על מכתש רמון.",2633,1980-06-10,21,right,61.8,85.8,"ב""צ"
עצמים גיאוגרפיים,נתל סוכך,,148.917,"תתילתו בנ""צ 148.917 נשפך בנ""צ 152.917.",2633,1980-06-10,21,right,62.3,83,תתילתו
עצמים גיאוגרפיים,נחל סלילון,,917.149,"תחילתו בנ""צ 917 149 נשפך בנ""צ 184.917.",2633,1980-06-10,21,right,22.8,80.5,184.917.
עצמים גיאוגרפיים,גיא אָבוד,,891.141,"נ""צ 891 141.",2633,1980-06-10,21,right,49.3,75.5,אָבוד
עצמים גיאוגרפיים,המפרץ םנעלם,,138.971,"""צ 138.971, כיגוי ה""פיורד"", כ-25 ק""מ דרומית מאילת.",2633,1980-06-10,21,right,0,71.4,"""צ"
עצמים גיאוגרפיים,הר יואֶש,,888.188,"נ""צ 888 188, נקורת טריג. שגובהה 784 מ'.",2633,1980-06-10,21,left,58.6,82.9,"188,"
עצמים גיאוגרפיים,עין נטֶפים,,889.138,"נב""צ 889 138.",2633,1980-06-10,21,left,11.1,55.5,נטֶפים
עצמים גיאוגרפיים,הר ץז:הו,,138.897,"נ""צ 138.897, מתייחם לבליטה הגרניטית הכפולה שפסגתה בגובה 3 מ. . -",2633,1980-06-10,21,left,4.1,75.5,מ.
עצמים גיאוגרפיים,עמודי עְמרֶם,,1441.8901,"נ""צ 1441.8901.",2633,1980-06-10,21,left,22.7,71.2,עְמרֶם
עצמים גיאוגרפיים,נחל ‏ צפונות,,897.144,"תחילחו בנ""צ 897 144 נשפך בנ""צ 145.897.",2633,1980-06-10,21,left,0,70.2,נחל ‏
עצמים גיאוגרפיים,הר צפְחות,,140.880,"נ""צ 140.880, נקודת טריג. שגובהה 278 מ'.",2633,1980-06-10,21,left,20.4,81.8,צפְחות
עצמים גיאוגרפיים,גבעות צְפּרה,,896.146,"מתייחם לשתי הגבעות: אחת בנ""צ 896 146 והשנייה בנ""צ 147.897.",2633,1980-06-10,21,left,0.2,83.3,צְפּרה
מאגרי מים,מאגר. אילון,,1462.1418,"נ""צ 1462.1418.",2633,1980-06-10,21,right,18.4,48.3,מאגר.
מאגרי מים,"מאגר בית""זית",,1648.1823,"נ""צ 1648.1823.",2633,1980-06-10,21,right,22.2,60,מאגר
מאגרי מים,מאגר בית'־בטװ;?ה,,174.242,"ב""צ 174.242.",2633,1980-06-10,21,right,30.9,65,"ב""צ"
מאגרי מים,מאגר זְהַר,,1218.1125,"נ""צ 1218.1125.",2633,1980-06-10,21,left,18.1,71.5,זְהַר
מאגרי מים,מאגר יִרְחֶָם (ירוחם),,1395.0445,"נ""צ 1395.0445.",2633,1980-06-10,21,left,20.1,71.7,יִרְחֶָם
מאגרי מים,מאגר כפֶר בְּרוך,,107.227,"ג""צ 107.227 -",2633,1980-06-10,21,left,26.5,56.8,כפֶר
מאגרי מים,מאגר שקבי?ה,,1278.1052,נ*צ 1278.1052.,2633,1980-06-10,21,left,52.3,75.5,שקבי?ה
מערות,מערת הֶאגרות,,1829.0935,"נ""צ 1829.0935 (אזור ים המלח).",2633,1980-06-10,21,right,52.1,76.1,1829.0935
מערות,מערת ו;אינדזה,,1817.0933,נ*צ 1817.0933 (אזור ים המלח).,2633,1980-06-10,21,right,52.3,76.4,1817.0933
מערות,מערת הַברכה,,1857.0978,"נ""צ 1857.0978 (אזור ים המלח).",2633,1980-06-10,21,right,0,63.4,הַברכה
מערות,מערת הַמטמון,,1813.0884,"נ""צ 1813.0884 (אזור ים המלח).",2633,1980-06-10,21,left,13.5,67.9,הַמטמון
מערות,מערת שורק,,152.129,"נ""צ 152,129 (ליד בית שמש). י סוא הול =.ופ",2633,1980-06-10,21,left,18.7,76,=.ופ
דרכים,דרך סְפר הַשומָרון,,,שם לדרך במורדות המזרחיים של הרי יהודה ושומרון (כיגוי ארעי קודם דרך ארץ המרדפים.,2633,1980-06-10,22,right,30.4,79.3,הַשומָרון
דרכים,יד אילְתָה,,,דרך המחברת את הים התיכון ומפרץ אילת מאיזור אלהעריש דרך ניצנה עד אילת. -,2633,1980-06-10,22,left,22.5,83.8,אלהעריש
מחלפים,מחלף חִיפָה דְרום,,1407.2448,"נ""צ 1407.2448.",2633,1980-06-10,22,right,7.6,53.4,דְרום
מחלפים,מחלף נַתָניָה,,1377.1924,"נ""צ 1377.1924.",2633,1980-06-10,22,right,22,56.7,נַתָניָה
מחלפים,מחלף פולג,,1300.1807,"נ""צ 1300.1807.",2633,1980-06-10,22,right,43.3,65.1,מחלף
מחלפים,מחלף קיףרז”ו־:,,1408.2088,"נ""צ 1408.2088.",2633,1980-06-10,22,right,50.7,75.1,קיףרז”ו־:
מחלפים,מחלף גהֶה,,1855.1087,"נ""צ 1855.1087.",2633,1980-06-10,22,right,38.9,72.8,גהֶה
מחלפים,מחלף גנות,,1334.1584,"נ""צ 1334.1584. י מחלף גִן רוּ ג""צ 1800.1523.",2633,1980-06-10,22,left,0,53.7,גִן
מחלפים,מחלף הַרְצֶלִיָה,,1328.1747,"ג""צ. 1328.1747.",2633,1980-06-10,22,left,16.5,45.7,הַרְצֶלִיָה
מחלפים,מחלף הַשבְעָה,,1320.1574,"נ""צ, 1320.1574.",2633,1980-06-10,22,left,48.3,62.4,1320.1574.
מחלפים,מחלף ‏ שפירים,,1347.1574,"ב""צ 1347.1574.",2633,1980-06-10,22,left,28.2,47.9,"ב""צ"
מחלפים,מחלף אַשדוד,,1218.1875,"נ""צ 1218.1875.",2633,1980-06-10,22,left,25.9,52.8,1218.1875.
מחלפים,מחלף ‏ חמד,,1820.1343,"נ""צ 1820.1343.",2633,1980-06-10,22,left,40,56.1,1820.1343.
צמתים,צומת כבּרי,,1637.2090,"נ""צ 1637.2090.",2633,1980-06-10,22,right,0,39.1,כבּרי
צמתים,צומת ‏ בית המכס,,2112.2087,"נ""צ 2112.2087.",2633,1980-06-10,22,right,12.2,42.7,2112.2087.
צמתים,צומת יִעָר אדם,,2209.2927,"ג""צ 2209.2927.",2633,1980-06-10,22,right,45,78.8,2209.2927.
צמתים,צומת מִסְעָדָה \,,220.293,"נ""צ 220.293.",2633,1980-06-10,22,right,19.3,54.4,\
צמתים,צומת| שִיאון,,2131.2852,"נ""צ 2131.2852.",2633,1980-06-10,22,right,13.1,43.4,צומת|
צמתים,צומת גִילְעָם,,1827.2476,"נ""צ 1827.2476.",2633,1980-06-10,22,left,16.3,27.1,"נ""צ"
צמתים,צומת [ְגור,,1575.2889,"נ""צ 1575.2889.",2633,1980-06-10,22,left,18.7,62.8,[ְגור
צמתים,צומת נַהַלֶָל,,1098.2340,"נ""צ. 1098.2340.",2633,1980-06-10,22,left,0,42.1,נַהַלֶָל
צמתים,צומת אֶפיק,,2170.2428,"נ""צ 2170.2428.",2633,1980-06-10,22,left,58.6,71.6,אֶפיק
צמתים,צומת בִּית צִיִדֶה,,2090.2506,"נ""צ 2090.2506. /",2633,1980-06-10,22,left,23.2,49.6,2090.2506.
צמתים,צומת דֶליות,,224.2859,"נ""צ 224.2859.",2633,1980-06-10,23,right,22.6,40.2,224.2859.
צמתים,צומת ‏ כנרת,,2037.2364,"נ""צ 2037.2364.",2633,1980-06-10,23,right,22.9,52.8,צומת ‏
צמתים,צומת כְמָר תְבור,,,"ד"" 1898.2340.",2633,1980-06-10,23,right,12.3,51.8,"ד"""
צמתים,צומת מִגְדֶל,,1982.2480,"נ""צ. 1982.2480.",2633,1980-06-10,23,right,43,60,"נ""צ."
צמתים,צומת מַגֶשימים,,2204.2508,"נ""צ 2204.2508.",2633,1980-06-10,23,right,18.4,35.1,2204.2508.
צמתים,צומת מעלה גִמַלָא,,2116.2541,"ג""צ 2116.2541.",2633,1980-06-10,23,right,0,24.6,"ג""צ"
צמתים,צומת מַעַ'ר,,1889.2547,"נ""צ 1889.2547.",2633,1980-06-10,23,right,31.5,68.4,מַעַ'ר
צמתים,צומת ‏ אור עַקיבָא,,1434.2120,"נ""צ 1434.2120.",2633,1980-06-10,23,right,14.1,36.9,צומת ‏
צמתים,צומת אַלון,,1467.2062,"נ""צ. 1467.2062.",2633,1980-06-10,23,right,34.8,47.5,"נ""צ."
צמתים,צומת גְבעַת אולגָה,,1401.2058,"נ""צ. 1401.2058.",2633,1980-06-10,23,right,15.9,42,"נ""צ."
צמתים,צומת גִּרְנות,,1482.2060,"נ""צ. 1482.2060.",2633,1980-06-10,23,right,15.1,40.3,גִּרְנות
צמתים,צומת ‏ הלל יפה,,1403.2058,"""צ 1403.2058.",2633,1980-06-10,23,right,30,53.3,צומת ‏
צמתים,צומת הַשָרון,,1411.1922,"נ""צ 1411.1922.",2633,1980-06-10,23,right,0,62.3,הַשָרון
צמתים,צומת חבצלת,,1375.1965,"""צ 1375.1965.",2633,1980-06-10,23,right,11.2,31.6,חבצלת
צמתים,צומת חדרֶה מזֶרֶח,,1456.2088,"נ""צ 1456.2088.",2633,1980-06-10,23,right,23.2,60.3,"נ""צ"
צמתים,צומת ‏ חרשת,,1414.2068,"נ""צ 1414.2068.",2633,1980-06-10,23,right,19,46.2,צומת ‏
צמתים,צומת יִנאי,,1374.1984,"נ""צ 1374.1984.",2633,1980-06-10,23,right,62.1,68.9,יִנאי
צמתים,צומת נחַל חֶדרָה,,1422.2078,"נ""צ 1422.2078.",2633,1980-06-10,23,right,26.8,57.5,חֶדרָה
צמתים,צומת הַשטָה,,1895.2172,"נ""צ 1895.2172.",2633,1980-06-10,23,right,15.7,60.2,הַשטָה
צמתים,צומת י!ךעאל,,1800.2182,"נ""צ 1800.2182.",2633,1980-06-10,23,right,52.9,64.2,"נ""צ"
צמתים,צומת מְחוּלָה,,1981.1973,"נ""צ 1981.1973.",2633,1980-06-10,23,right,0,28.5,מְחוּלָה
צמתים,צומת בָּר אִילֶן,,1348.168,"נ""צ 1348.168.",2633,1980-06-10,23,left,21.9,37.9,1348.168.
צמתים,צומת גִבְעֶת שמואל,,1354.1644,"ג""צ. 1354.1644.",2633,1980-06-10,23,left,6.2,39.7,1354.1644.
צמתים,צומת גלילות,,1815.1721,"נ""צ 1815.1721.",2633,1980-06-10,23,left,40.9,52.8,"נ""צ"
צמתים,צומת הָכפָר הַיִּרוּק,,1345.1714,"נ""צ 1345.1714.",2633,1980-06-10,23,left,2.5,54,הָכפָר
צמתים,צומת יהוד,,1388.1894,"נ""צ 1388.1894.",2633,1980-06-10,23,left,51.6,70.4,1388.1894.
צמתים,צומת מורשָה,,1886.1703,"נ""צ 1886.1703.",2633,1980-06-10,23,left,34.3,57.2,מורשָה
צמתים,צומת סַביון,,1375.1600,"נ""צ 1375.1600.",2633,1980-06-10,23,left,73.7,84.7,סַביון
צמתים,צומת פַּלְמַחִים,,1299.1519,"נ""צ 1299.1519.",2633,1980-06-10,23,left,14.2,52.9,פַּלְמַחִים
צמתים,צומת רעְננה,,1896.17601,"נ""צ 1896.17601.",2633,1980-06-10,23,left,0,44.2,רעְננה
צמתים,צומת ‏ שמַריהו,,1827.1764,"נ""צ 1827.1764.",2633,1980-06-10,23,left,26.1,49.6,צומת ‏
צמתים,צומת תל השומר,,1444.1626,"נ""צ. 1444.1626.",2633,1980-06-10,23,left,24.5,66,"נ""צ."
צמתים,צומת בקעות,,1926.1793,"ג""צ 1926.1793.",2633,1980-06-10,23,left,42.4,71.7,בקעות
צמתים,צומת מכורֶה,,1932.1708,"נ""צ 1932.1708.",2633,1980-06-10,23,left,21.5,41.5,1932.1708.
צמתים,צומת מעלה אפָרִיִם,,1862.1655,"נ""צ 1862.1655.",2633,1980-06-10,23,left,2.3,23.6,1862.1655.
צמתים,צומת פַצָאל,,1840.1620,"נ""צ 1840.1620.",2633,1980-06-10,23,left,0.5,42.5,פַצָאל
צמתים,צומת ‏ תל יריחו,,1922.1418,"נ""צ 1922.1418.",2633,1980-06-10,23,left,3,35.3,צומת ‏
צמתים,צומת אַבָא הלל,,1181.1206,"נ""צ 1181.1206.",2633,1980-06-10,23,left,51.1,63,"נ""צ"
צמתים,צומת ‏ אשקלון,,1123.1187,"נ""צ 1123.1187.",2633,1980-06-10,23,left,4,40,צומת ‏
צמתים,צומת בני דְרום,,1222.1369,"ב""צ 1222.1369.",2633,1980-06-10,23,left,35.4,50.2,"ב""צ"
צמתים,צומת ‏ בּרכיָה,,1128.1194,"נ""צ 1128.1194.",2633,1980-06-10,23,left,0,44.5,צומת ‏
צמתים,"צומת גרבר""ן",,1898.1128,"נ""צ 1898.1128.",2633,1980-06-10,23,left,42.7,75.4,"נ""צ"
צמתים,צומת נמל אַשדוד,,1189.1375,"נ""צ. 1189.1375.",2633,1980-06-10,24,right,9.3,39.3,"נ""צ."
צמתים,"צומת עד""הַלום",,1188.1807,"נ""צ 1188.1807.",2633,1980-06-10,24,right,6.8,34.4,צומת
צמתים,צומת ‏ אלמוג,,1925.1048,"נ""צ 1925.1048.",2633,1980-06-10,24,right,21.8,36.1,"נ""צ"
צמתים,צומת גוש עציון,,1025.1172,"נ""צ 1025.1172. ו צומת חְַטיבָה שבע נ""צ 1480.1380",2633,1980-06-10,24,right,9.1,59.5,חְַטיבָה
צמתים,צומת נחושה \,,1407.1134,"נ""צ 1407.1134.",2633,1980-06-10,24,right,27.2,64,\
צמתים,צומת עַדְלֶם (עדולם),,1480.1214,"ינ""צ 1480.1214.",2633,1980-06-10,24,right,0,50.7,"ינ""צ"
צמתים,צומת עצִיונָה,,1802.1216,"נ""צ 1802.1216.",2633,1980-06-10,24,right,36.5,63.2,עצִיונָה
צמתים,צומת אַבשָלום,,0764.0711,"נ""צ 0764.0711.",2633,1980-06-10,24,right,48.2,61.8,אַבשָלום
צמתים,צומת גבולות,,0959.0756,"נ""צ. 0959.0756.",2633,1980-06-10,24,right,31.9,52.4,"נ""צ."
צמתים,צומת דקלֶה,,0660.0096,"נ""צ. 0660.0096.",2633,1980-06-10,24,right,21.1,37,0660.0096.
צמתים,צומת ‏ מבטתים,,0931.0742,"נ""צ 0931.0742. 8",2633,1980-06-10,24,right,21.8,45.1,צומת ‏
צמתים,צומת= מָגן,,0900.0783,"נ""צ 0900.0783.",2633,1980-06-10,24,right,0,30.4,מָגן
צמתים,צומת נִצָרים,,0955.0972,"נ""צ. 0955.0972.",2633,1980-06-10,24,right,4.7,49.9,נִצָרים
צמתים,צומת ‏ קטיף,,0865.0870,"נ""צ. 0865.0870.",2633,1980-06-10,24,right,14.3,23.1,"נ""צ."
צמתים,צומת ?זדרת,,0746.0708,"נ""צ 0746.0708.",2633,1980-06-10,24,right,61.8,76.5,?זדרת
צמתים,צומת זְהר,,1855.0823,"ג""צ 1855.0823.",2633,1980-06-10,24,right,44.5,73,זְהר
צמתים,צומת הַתרורים,,1736.0697,"נ""צ 1736.0697.'",2633,1980-06-10,24,right,40.7,56.9,הַתרורים
צמתים,צומת ‏ כידוד,,1712.0749,"נ""צ 1712.0749.",2633,1980-06-10,24,right,48.7,68,צומת ‏
צמתים,צומת מאָןה,,1865.0808,"נ""צ 1865.0808.",2633,1980-06-10,24,left,16.7,62.8,1865.0808.
צמתים,צומת ‏ שקת,,1405.0798,"נ""צ 1405.0798.",2633,1980-06-10,24,left,26.4,49.5,צומת ‏
צמתים,"צומת ‏ מבצע.:עִין""",,0052.0285,"נ""צ 0052.0285.",2633,1980-06-10,24,left,0,44.6,"מבצע.:עִין"""
צמתים,צומת נַצְנָה,,0980.0318,"נ""צ 0980.0318.",2633,1980-06-10,24,left,21.3,59,נַצְנָה
צמתים,צומת בקצי'עות,,0976.0326,"נ""צ 0976.0326.",2633,1980-06-10,24,left,46.3,65,בקצי'עות
צמתים,צומת שיםן,,0737.0253,"נ""צ 0737.0253.",2633,1980-06-10,24,left,55.7,69.6,"נ""צ"
צמתים,צומת חַלוקים,,1301.0326,"נ""צ 1301.0326..",2633,1980-06-10,24,left,46.5,56.6,1301.0326..
צמתים,צומת טללים,,1272.0445,"נ""צ 1272.0445.",2633,1980-06-10,24,left,59.2,74,טללים
צמתים,צומת דימר;ה,,1505.05340,"נ""צ 1505.05340.",2633,1980-06-10,24,left,51.9,71.6,דימר;ה
צמתים,צומת הֶָעַרְבָה,,1795.0442,"נ""צ 1795.0442.",2633,1980-06-10,24,left,51.3,76.6,הֶָעַרְבָה
צמתים,צונית אָפית,,1890.0500,"נ""צ 1890.0500.",2633,1980-06-10,24,left,60.2,67.4,צונית
צמתים,צומת. רתם (רותם),,1888.0497,"נ""צ 1888.0497.",2633,1980-06-10,24,left,41.5,77.5,צומת.
צמתים,צומת גרופית,,1566.9318,"נ""צ 1566.9318. השם צומת גרופית בנ""צ 6 בטל.",2633,1980-06-10,24,left,27.3,68.7,"נ""צ"
צמתים,צומת קטוֹךה,,1572.9336,"נ""צ 1572.9336. (במקום השם הקודם: ""גרופית"").",2633,1980-06-10,24,left,32.9,74.7,1572.9336.
